bowler_id,runs,wicket_count,balls_bowled,economy,maiden,dots,Fours,Sixes,wides,noballs
34061.0,983,29,665,9.371428571428572,0,207.0,80,33,38,1
37351.0,10,0,6,10.0,0,0.0,1,0,0,0
41740.0,92,5,96,6.818181818181818,0,41.0,5,3,1,0
49496.0,632,31,582,6.509615384615385,0,203.0,37,16,10,0
55299.0,1249,57,873,8.623720930232558,2,292.0,113,41,29,2
62432.0,1464,62,1151,8.255316455696201,3,401.0,98,65,17,2
63307.0,251,8,222,6.832727272727272,0,61.0,15,5,0,1
65183.0,280,16,189,9.09,0,60.0,25,11,5,0
74087.0,824,32,647,7.8975,0,171.0,60,20,8,2
74367.0,477,19,329,8.613125,0,121.0,39,21,11,3
82081.0,25,0,18,7.75,0,4.0,2,1,0,0
82228.0,123,4,108,6.537000000000001,0,29.0,9,2,1,0
87191.0,403,12,304,8.547692307692309,0,117.0,33,18,4,0
87240.0,120,5,81,10.59,0,28.0,14,2,1,1
119951.0,49,0,36,8.165,0,17.0,8,1,0,0
125803.0,90,2,60,9.111666666666666,0,9.0,4,4,1,0
125915.0,531,24,409,8.566296296296295,0,113.0,28,23,5,0
130437.0,1511,74,1229,7.6030303030303035,1,458.0,106,61,26,0
134861.0,42,0,15,16.8,0,2.0,2,3,0,2
142582.0,288,11,192,9.4375,0,40.0,17,13,1,0
151052.0,43,0,12,21.5,0,1.0,1,5,0,1
164604.0,740,29,529,8.91074074074074,1,138.0,35,35,19,0
172248.0,9,0,6,9.0,0,0.0,1,0,0,0
173277.0,33,1,24,7.835,0,9.0,1,2,3,0
175405.0,27,0,12,13.5,0,2.0,4,0,0,1
178443.0,51,1,30,10.625,0,4.0,3,2,2,0
181404.0,1376,44,1111,8.010625,0,358.0,97,42,9,1
181852.0,16,0,12,8.0,0,2.0,0,1,0,0
182986.0,194,7,228,5.628461538461538,3,134.0,21,4,2,0
184960.0,1268,40,1048,7.442765957446809,1,364.0,73,50,40,1
185100.0,50,0,18,16.666666666666668,0,0.0,5,3,0,0
185422.0,76,1,72,6.333333333333333,0,33.0,8,2,0,0
190574.0,101,5,84,6.895,1,45.0,10,5,1,0
204861.0,63,0,42,8.666666666666666,0,19.0,7,3,2,1
210328.0,18,0,6,18.0,0,1.0,0,2,0,0
212029.0,478,22,411,7.337894736842105,1,147.0,20,23,6,0
217762.0,131,8,102,7.833333333333333,0,26.0,5,6,0,0
223117.0,178,5,155,7.0,0,55.0,14,5,3,0
230775.0,748,29,618,7.407407407407407,3,237.0,50,35,4,1
230824.0,109,2,72,9.083333333333334,0,31.0,12,5,3,0
233358.0,23,0,24,5.75,0,5.0,0,0,0,0
236480.0,43,1,29,6.8,0,12.0,3,3,1,0
238727.0,13,0,7,16.5,0,0.0,2,0,0,0
239931.0,131,4,84,9.3525,0,31.0,12,6,5,0
248968.0,16,0,12,8.0,0,1.0,1,0,0,0
251509.0,32,5,60,3.3333333333333335,1,43.0,1,2,1,0
270262.0,366,15,247,9.55,0,71.0,21,19,5,0
280587.0,200,13,188,6.3625,0,100.0,13,11,3,2
284339.0,1663,83,1457,6.9035820895522395,5,541.0,85,74,32,1
290051.0,513,18,474,7.544117647058823,2,200.0,34,21,7,1
293901.0,96,0,69,8.26,0,20.0,7,3,2,0
298486.0,187,4,132,8.583333333333334,0,42.0,9,10,5,0
298612.0,362,14,332,7.3653571428571425,1,128.0,25,9,5,3
302868.0,404,7,283,8.583846153846155,0,102.0,39,13,8,1
305143.0,1576,68,1098,8.733061224489797,4,464.0,150,63,68,13
305808.0,18,0,12,9.0,0,4.0,0,2,0,0
309056.0,48,1,36,8.666666666666666,0,13.0,3,3,0,0
316441.0,144,9,138,6.153333333333333,1,60.0,16,1,1,0
319948.0,37,1,24,9.25,0,10.0,3,2,1,0
325779.0,176,5,126,8.583333333333334,0,40.0,10,7,4,0
325814.0,33,2,30,6.75,0,10.0,1,1,1,0
328607.0,466,24,478,5.98590909090909,1,195.0,18,19,1,0
332457.0,98,4,64,8.979999999999999,0,24.0,9,4,4,1
334963.0,1441,67,1098,8.139354838709677,0,347.0,88,59,26,1
347346.0,339,9,218,9.564615384615385,0,80.0,41,8,9,1
348361.0,137,5,108,8.425555555555555,0,50.0,12,6,6,0
351448.0,61,3,42,9.0,0,12.0,4,2,4,0
360086.0,1925,89,1402,8.380461538461539,0,448.0,138,63,121,4
362487.0,265,7,165,9.732000000000001,0,59.0,25,11,11,1
363173.0,125,3,104,7.848181818181818,0,34.0,6,4,9,0
366351.0,18,3,27,4.15,1,17.0,1,1,0,0
370397.0,704,29,478,8.855909090909092,1,193.0,57,36,33,0
371825.0,17,0,7,11.0,0,1.0,2,1,0,0
387778.0,534,15,328,10.601199999999999,0,96.0,38,24,17,8
391103.0,272,8,240,7.713333333333334,0,79.0,19,4,5,0
391271.0,152,5,101,8.841666666666667,0,24.0,14,4,3,0
392062.0,274,8,189,8.503333333333332,0,68.0,20,15,5,0
392188.0,225,9,186,7.657894736842105,0,69.0,13,11,4,0
392391.0,7,1,5,8.4,0,3.0,0,1,0,0
392419.0,114,5,126,5.666666666666667,1,64.0,13,1,1,0
392888.0,179,12,114,9.451666666666666,0,35.0,11,10,3,1
393014.0,1520,70,1424,6.396461538461538,5,594.0,93,62,21,3
393182.0,224,8,168,8.477272727272727,0,53.0,22,5,6,1
393889.0,153,10,162,5.654285714285714,0,78.0,14,1,8,0
1460612.0,22,2,25,5.23,1,13.0,0,2,0,0
1471994.0,806,36,507,9.776785714285714,1,176.0,84,32,17,3
1482249.0,1552,55,1209,7.932096774193549,0,356.0,86,63,11,6
1482998.0,1413,51,1090,8.480175438596492,1,367.0,99,58,16,1
1489186.0,29,0,12,14.5,0,1.0,6,0,0,0
1495731.0,777,30,666,7.370645161290323,1,240.0,48,28,17,0
1499868.0,14,1,12,7.0,0,5.0,2,0,0,0
1504831.0,99,2,60,10.14,0,21.0,11,3,0,1
1506077.0,428,18,348,7.565263157894737,0,150.0,47,10,8,0
1539208.0,21,0,12,10.5,0,3.0,0,2,0,0
1547993.0,1737,70,1287,8.446164383561644,3,429.0,133,66,35,1
1565507.0,99,0,60,9.89,0,19.0,13,3,0,0
1585464.0,601,23,458,7.876190476190477,0,176.0,59,16,20,0
1593997.0,121,5,72,10.083333333333334,0,26.0,18,2,2,3
1594319.0,1829,77,1669,6.74948717948718,4,709.0,144,60,34,0
1599023.0,49,1,42,7.166666666666667,0,22.0,5,2,2,0
1604588.0,192,8,137,8.3,0,43.0,14,8,6,0
1612610.0,453,10,299,9.623333333333333,0,71.0,28,19,5,2
1613919.0,2500,107,2398,6.286095238095238,6,1002.0,148,89,40,6
1613926.0,561,18,422,8.774615384615384,0,116.0,38,15,29,2
1614164.0,69,1,60,7.196666666666666,0,22.0,9,0,1,0
1616040.0,224,11,182,8.018888888888888,0,73.0,10,12,8,1
1626057.0,185,5,174,6.814444444444444,2,70.0,10,8,2,0
1626526.0,10,0,6,10.0,0,0.0,1,0,0,0
1626540.0,71,0,42,10.5,0,6.0,5,3,1,0
1626561.0,1574,74,1165,8.141568627450981,2,489.0,148,65,43,2
1627058.0,46,1,42,6.25,0,17.0,4,1,2,0
1627450.0,367,15,222,9.298333333333334,0,67.0,36,17,5,1
1632819.0,117,9,114,6.05,0,41.0,11,1,0,0
1634611.0,808,28,550,9.155,0,198.0,74,37,9,1
1636004.0,82,1,48,10.25,0,15.0,8,3,3,1
1636627.0,147,3,102,9.59375,1,27.0,7,8,2,0
1637341.0,135,10,162,5.25,0,84.0,7,5,1,0
1642738.0,1186,41,959,7.771428571428571,1,328.0,70,54,13,2
1657466.0,433,17,344,7.765625,5,154.0,50,9,10,2
1660406.0,277,12,258,6.7425,1,109.0,20,11,0,0
1663920.0,2,1,6,2.0,0,4.0,0,0,0,0
1670297.0,100,1,54,12.25,0,20.0,13,3,3,3
1684276.0,1061,40,891,7.133249999999999,3,320.0,61,43,15,0
1707621.0,7,0,6,7.0,0,3.0,1,0,0,0
1707628.0,667,34,532,7.920714285714285,1,159.0,60,15,8,0
1711492.0,2131,92,1699,7.641898734177215,6,603.0,125,97,17,1
1718443.0,195,7,156,8.065555555555555,0,52.0,12,7,4,0
1730658.0,885,34,684,7.9079411764705885,1,292.0,76,37,20,1
1742453.0,4,2,6,4.0,0,3.0,0,0,1,0
1762060.0,184,3,116,10.39,0,40.0,15,9,1,2
1829491.0,710,32,552,7.830000000000001,1,192.0,60,21,15,4
1858961.0,1506,49,1065,8.640588235294118,4,424.0,160,56,20,6
1872198.0,91,6,93,7.346666666666667,0,43.0,5,3,0,0
1874081.0,785,31,713,6.953823529411765,4,295.0,47,32,16,1
1881193.0,431,21,378,7.100499999999999,0,140.0,28,15,5,0
1884973.0,62,1,66,7.3,0,27.0,2,3,0,0
1885337.0,104,1,72,9.4375,0,20.0,7,5,0,2
1890958.0,24,0,12,12.0,0,1.0,3,0,1,1
1893401.0,307,18,240,7.931818181818182,0,104.0,29,14,1,0
1905847.0,1499,68,1032,8.716666666666667,3,370.0,144,56,28,2
1905966.0,139,3,96,8.748000000000001,0,23.0,11,3,1,0
1906708.0,291,6,168,10.59375,1,59.0,29,12,6,2
1907163.0,545,28,394,8.74392857142857,2,144.0,48,19,21,0
1907268.0,188,3,114,10.928571428571429,0,36.0,10,10,10,1
1907352.0,1414,71,1145,7.517037037037038,3,507.0,144,42,32,6
1916557.0,118,3,82,9.7375,0,25.0,7,5,6,0
1924460.0,162,6,150,6.904285714285714,1,69.0,10,8,1,1
1929619.0,716,33,481,8.912608695652175,0,178.0,71,28,12,1
1934099.0,2194,95,1375,9.85,2,464.0,198,100,63,6
1937914.0,161,6,96,10.75,0,27.0,13,8,0,0
1940672.0,176,4,174,6.49,0,79.0,13,5,3,0
1943647.0,28,2,30,8.286666666666667,1,15.0,3,0,0,0
1945390.0,28,0,16,10.4,0,3.0,1,2,0,0
1945397.0,1747,69,1373,7.679833333333334,5,617.0,186,51,51,1
1945698.0,194,3,157,7.3,0,71.0,15,8,7,0
1956828.0,288,14,210,8.567,0,86.0,24,14,6,1
1956877.0,161,10,113,8.606,0,43.0,19,4,4,1
1959047.0,101,2,90,6.375,0,31.0,11,0,4,0
1963443.0,376,15,388,6.1375,1,159.0,22,11,7,0
1965158.0,27,1,18,9.0,0,7.0,5,0,0,0
2018001.0,1366,67,1051,7.993404255319149,4,494.0,131,61,27,8
2020332.0,42,1,30,8.875,0,7.0,2,1,2,0
2022957.0,2742,99,1964,8.499479166666667,5,687.0,248,86,78,11
2034479.0,109,7,120,6.276666666666666,3,64.0,8,4,2,0
2035102.0,496,28,396,7.805238095238095,1,166.0,49,16,13,0
2036649.0,1381,61,1138,7.318333333333333,6,533.0,133,43,77,2
2051230.0,63,2,51,7.325,0,27.0,7,1,6,2
2073175.0,116,4,102,7.3,0,34.0,9,0,2,0
2073196.0,25,0,18,8.33,0,7.0,4,0,0,0
2082352.0,17,2,18,5.67,0,9.0,0,1,1,0
2082387.0,765,30,531,8.6176,2,213.0,77,26,11,5
2082394.0,44,0,29,9.559999999999999,0,9.0,3,2,0,0
2083080.0,241,5,168,9.134,0,39.0,18,7,9,0
2083094.0,27,2,24,6.75,0,9.0,2,0,2,0
2083157.0,640,20,414,9.348636363636363,0,121.0,53,24,16,6
2083227.0,33,0,24,9.5,0,7.0,1,2,1,0
2083395.0,323,7,234,8.406666666666666,1,63.0,22,11,1,0
2087700.0,103,0,60,10.5425,0,20.0,11,4,1,2
2097017.0,904,34,735,8.132826086956522,1,263.0,57,31,25,5
2104339.0,102,5,96,7.05,0,43.0,4,6,2,0
2104346.0,343,19,244,8.549166666666666,0,103.0,41,13,1,1
2104416.0,18,0,8,19.0,0,3.0,1,2,0,0
2111549.0,317,7,197,9.64857142857143,0,57.0,33,10,9,2
2124002.0,206,4,168,7.606111111111111,0,48.0,15,4,3,0
2124569.0,270,9,198,9.224615384615385,0,65.0,20,9,10,0
2125696.0,173,4,128,8.4125,0,37.0,17,3,4,0
2133158.0,10,0,6,10.0,0,1.0,0,1,0,0
2154669.0,277,12,216,7.858,0,74.0,22,8,8,0
2154732.0,11,0,6,11.0,0,0.0,1,0,0,0
2157770.0,1651,82,1262,7.884179104477612,6,529.0,159,55,43,6
2158869.0,310,13,246,8.334736842105263,0,88.0,28,10,0,0
2158883.0,13,0,12,6.5,0,6.0,2,0,0,0
2158939.0,88,2,54,9.966,0,19.0,10,2,5,0
2159093.0,55,2,42,7.890000000000001,0,11.0,4,1,0,0
2159562.0,15,0,10,9.0,0,1.0,2,0,0,0
2159618.0,242,10,232,6.272,1,104.0,8,15,2,0
2160864.0,23,1,24,6.835,0,15.0,2,1,1,0
2161599.0,721,14,470,10.156764705882352,0,125.0,43,37,9,2
2170762.0,1225,48,947,8.181304347826087,1,286.0,78,49,10,0
2173646.0,510,15,354,8.71809523809524,0,95.0,38,19,4,0
2173688.0,1065,41,800,7.916153846153847,0,330.0,91,41,28,8
2176719.0,118,4,96,7.65,0,37.0,8,4,6,0
2178119.0,466,20,337,8.953181818181818,0,122.0,36,17,21,5
2180002.0,57,3,66,5.14,0,36.0,7,1,1,0
2181157.0,630,24,445,8.558947368421054,0,203.0,54,27,28,3
2203214.0,26,1,18,8.67,0,2.0,3,0,0,0
2204950.0,56,1,42,8.085,0,12.0,3,2,1,0
2209171.0,93,2,66,8.98,0,25.0,8,4,4,0
2209374.0,133,1,103,7.768000000000001,0,35.0,17,1,1,0
2214239.0,62,1,48,7.75,0,17.0,4,3,1,0
2214554.0,208,8,150,8.404285714285715,1,52.0,19,7,4,2
2218376.0,76,2,78,6.355,1,32.0,7,1,3,0
2220777.0,225,2,143,9.461666666666666,0,49.0,23,9,6,2
2224263.0,116,2,84,8.3325,0,37.0,13,4,3,0
2231928.0,3,1,6,3.0,0,5.0,0,0,2,0
2236086.0,273,10,190,8.63375,0,66.0,22,11,6,0
2259683.0,55,2,24,15.833333333333334,0,5.0,3,4,1,1
2259739.0,266,11,198,8.327692307692308,2,71.0,15,11,14,0
2270519.0,633,30,385,11.32421052631579,1,142.0,57,32,15,7
2275097.0,680,25,427,10.133783783783784,0,131.0,48,31,23,2
2275195.0,1142,36,867,8.196515151515152,1,276.0,69,53,19,2
2282125.0,1865,76,1501,7.384714285714285,9,692.0,187,57,67,2
2282132.0,816,39,607,7.932222222222223,3,259.0,87,32,7,1
2286388.0,290,17,246,7.143636363636364,0,76.0,13,12,1,0
2286458.0,32,2,24,8.0,0,8.0,3,1,1,0
2288789.0,691,38,533,8.480645161290322,0,193.0,51,27,27,0
2288824.0,302,18,244,7.521666666666667,0,91.0,26,8,8,0
2294823.0,1355,60,942,8.644130434782609,0,319.0,105,54,62,2
2295642.0,336,17,209,9.716153846153846,0,74.0,34,15,7,0
2296195.0,933,33,642,8.638787878787879,0,236.0,100,27,26,3
2300766.0,11,0,12,5.5,0,4.0,1,0,0,0
2311574.0,254,7,234,6.839230769230769,0,88.0,13,10,4,0
2316327.0,1953,78,1560,7.5818055555555555,3,646.0,182,56,79,5
2319638.0,59,2,48,6.9175,0,14.0,2,3,0,0
2322998.0,168,4,124,8.358,0,39.0,12,6,4,0
2330873.0,27,1,23,7.04,0,9.0,0,2,0,0
2331034.0,65,5,56,8.083333333333334,0,25.0,5,2,5,0
2336473.0,103,6,90,7.409090909090909,0,25.0,8,1,0,0
2336487.0,691,18,393,11.764285714285714,2,118.0,63,33,10,1
2337117.0,292,6,192,9.055555555555555,0,58.0,22,11,8,0
2340393.0,41,1,24,10.5,0,6.0,6,0,2,0
2340729.0,100,2,90,6.965999999999999,0,24.0,5,2,1,0
2373678.0,45,0,24,11.25,0,7.0,6,1,3,0
2385991.0,12,0,9,8.0,0,3.0,2,0,0,0
2412073.0,207,3,130,9.463750000000001,0,40.0,13,14,0,0
2420760.0,29,1,30,7.223333333333334,0,13.0,2,1,0,0
2420788.0,281,14,252,7.745,1,112.0,22,9,9,0
2433640.0,273,8,163,10.942,0,37.0,25,9,6,2
2436251.0,314,11,237,8.828823529411764,0,78.0,19,13,7,0
2436272.0,97,2,60,10.35,0,24.0,13,3,4,0
2436356.0,945,41,887,6.988139534883721,4,388.0,65,40,17,0
2436405.0,420,13,358,7.3259375,1,180.0,44,11,22,1
2436426.0,975,34,717,8.055757575757575,2,277.0,87,32,33,3
2436776.0,845,35,644,8.301612903225807,0,263.0,80,22,36,7
2436944.0,23,0,24,5.75,0,7.0,1,0,0,0
2437049.0,300,9,240,7.372307692307692,0,89.0,23,14,2,0
2437077.0,966,35,666,9.349090909090908,0,232.0,71,48,13,4
2437091.0,301,6,203,9.114545454545455,0,68.0,21,15,10,0
2450895.0,563,17,413,8.647083333333333,0,101.0,36,14,13,1
2454416.0,33,1,18,11.0,0,6.0,1,3,0,0
2457531.0,31,0,22,8.45,0,6.0,3,1,0,1
2461129.0,499,32,385,7.921764705882352,1,173.0,47,21,10,1
2464349.0,202,9,163,7.865555555555555,1,66.0,20,6,6,0
2486896.0,1723,72,1172,9.496025641025641,0,402.0,151,70,50,3
2517556.0,63,4,54,7.859999999999999,0,22.0,4,3,0,0
2518235.0,28,0,18,9.33,0,4.0,4,0,0,0
2523205.0,77,2,42,11.083333333333334,0,12.0,5,5,0,0
2526390.0,108,1,79,8.001999999999999,0,35.0,9,6,4,0
2531913.0,83,1,60,9.666,0,21.0,12,1,0,0
2535420.0,1284,49,854,9.353968253968253,1,252.0,118,44,18,8
2537800.0,658,24,454,8.640476190476189,0,162.0,65,23,17,2
2538983.0,1370,58,967,8.719130434782608,4,389.0,133,55,21,5
2550414.0,781,43,630,7.453703703703703,0,247.0,67,26,13,4
2590293.0,450,21,368,7.3931249999999995,2,139.0,29,17,3,0
2593758.0,114,6,63,11.229999999999999,0,26.0,17,4,0,0
2625895.0,429,18,325,8.66,2,153.0,45,15,24,0
2630081.0,377,18,225,10.041666666666666,0,82.0,34,20,16,1
2632727.0,208,5,172,7.08,1,80.0,21,8,4,1
2632825.0,699,24,564,7.62,2,266.0,72,26,18,5
2633196.0,645,28,447,8.63391304347826,1,177.0,56,27,20,2
2634281.0,118,3,108,6.35,0,48.0,12,2,2,0
2635247.0,109,4,72,9.5,0,23.0,11,3,2,0
2642751.0,120,3,84,9.26142857142857,1,23.0,9,5,2,0
2649485.0,153,9,156,6.0,0,52.0,4,5,2,0
2654021.0,296,9,229,7.768000000000001,0,93.0,31,8,11,0
2654028.0,1993,107,1656,7.612948717948718,1,618.0,99,95,61,0
2654686.0,32,1,30,6.415,0,12.0,3,0,0,0
2656541.0,1855,85,1523,7.390147058823529,1,529.0,126,72,18,1
2658431.0,846,24,632,8.334999999999999,1,198.0,78,23,7,0
2658445.0,765,29,496,9.51375,1,174.0,69,30,13,14
2659166.0,42,1,30,8.5,0,12.0,2,3,0,1
2659222.0,640,35,480,8.104782608695652,2,196.0,59,22,20,6
2659502.0,503,21,408,7.439444444444444,1,166.0,54,14,5,3
2666705.0,545,19,414,8.171000000000001,1,129.0,32,23,7,1
2666831.0,65,0,42,8.943333333333333,0,9.0,3,4,1,0
2667027.0,173,5,118,9.967777777777778,0,36.0,11,10,0,1
2667244.0,12,0,12,6.0,0,4.0,1,0,0,0
2669316.0,283,6,258,7.078823529411765,0,80.0,19,5,1,0
2672214.0,826,36,535,9.62575,0,150.0,72,27,22,5
2690498.0,366,13,294,7.890625,0,111.0,27,13,10,2
2691639.0,8,0,6,8.0,0,0.0,0,0,0,0
2691688.0,706,37,606,7.433928571428572,0,249.0,55,18,31,7
2695468.0,105,8,96,6.5625,1,45.0,9,4,1,0
2701579.0,14,1,18,4.67,0,10.0,1,0,1,0
2721480.0,37,0,24,9.25,0,7.0,4,1,0,0
2727304.0,43,4,72,3.5833333333333335,0,40.0,2,1,0,0
2733380.0,1686,81,1176,8.582181818181818,4,429.0,128,78,53,14
2733401.0,851,39,662,7.889655172413794,2,247.0,75,31,20,0
2733842.0,125,4,78,10.27,0,25.0,6,8,5,1
2740408.0,2462,96,1711,8.660886075949367,3,635.0,203,107,83,5
2741997.0,16,0,12,8.0,0,4.0,2,0,2,0
2742837.0,678,21,535,7.67125,2,216.0,52,32,17,2
2750628.0,199,5,108,11.375,0,31.0,17,9,14,2
2752966.0,957,42,652,8.83,3,211.0,82,38,10,11
2753036.0,360,20,318,6.910714285714286,0,100.0,24,9,2,0
2765412.0,334,15,217,9.714,0,87.0,37,14,7,0
2789086.0,17,2,24,4.0,0,8.0,0,0,0,0
2789604.0,123,12,119,6.2219999999999995,1,60.0,15,3,0,0
2789646.0,31,1,18,10.33,0,6.0,1,3,0,0
2790675.0,1414,66,958,9.229591836734693,2,366.0,133,61,22,11
2794826.0,181,3,120,9.945,0,46.0,16,8,7,1
2807412.0,145,1,108,8.3,0,39.0,8,10,1,0
2810772.0,25,1,12,12.5,0,3.0,5,0,0,0
2810793.0,137,6,111,8.404285714285715,2,48.0,15,2,6,1
2814993.0,24,0,12,12.0,0,5.0,3,1,1,0
2815728.0,159,3,125,7.62,0,48.0,17,5,2,0
2820957.0,182,9,156,8.666666666666666,1,74.0,14,8,4,0
2827327.0,1505,48,1023,9.779459459459458,0,296.0,102,68,23,1
2850868.0,845,42,549,9.248928571428573,0,191.0,70,39,19,5
2855138.0,853,39,584,9.069032258064516,2,208.0,76,31,23,6
2858904.0,42,0,18,14.0,0,2.0,2,3,1,0
2872225.0,225,5,156,8.75,0,33.0,22,3,3,0
2875354.0,78,5,48,9.75,0,19.0,7,5,2,0
2875389.0,79,1,54,10.083333333333334,0,19.0,9,2,4,0
2898769.0,68,1,30,14.666666666666666,0,12.0,5,7,0,0
2904775.0,200,9,150,9.073333333333332,0,58.0,6,14,1,0
2904796.0,27,2,24,6.75,0,11.0,2,0,1,0
2904803.0,374,12,276,8.34142857142857,0,103.0,27,16,13,3
2904824.0,19,1,12,9.5,0,4.0,3,0,1,0
2904943.0,1000,48,619,9.820322580645161,0,209.0,87,46,28,5
2921680.0,420,14,354,8.258947368421053,0,117.0,21,19,6,0
2943002.0,15,0,12,7.5,0,6.0,3,0,0,0
2943443.0,241,18,292,5.6450000000000005,1,146.0,7,9,4,0
2943457.0,79,4,90,5.607142857142857,0,39.0,3,2,0,0
2944514.0,23,0,18,7.67,0,8.0,3,0,2,0
2956407.0,61,4,60,6.4575,0,25.0,5,1,3,0
2958164.0,12,0,6,12.0,0,1.0,2,0,0,0
2960957.0,154,8,126,8.083333333333334,0,43.0,7,7,7,0
2964583.0,22,1,24,5.5,0,15.0,2,1,0,0
2966879.0,588,13,433,8.347666666666667,1,123.0,35,29,9,0
2966907.0,55,1,36,10.056666666666667,0,8.0,6,1,2,0
2969455.0,31,0,13,14.31,0,3.0,5,1,1,0
2969546.0,49,1,30,10.75,0,11.0,3,4,0,0
2970652.0,426,19,372,7.631578947368421,1,153.0,27,21,4,0
2979486.0,507,23,453,6.8295,2,205.0,47,14,15,1
2980515.0,17,2,24,4.25,1,13.0,2,0,0,0
2981621.0,75,3,48,9.583333333333334,0,8.0,3,4,1,0
2998575.0,11,1,12,5.5,0,6.0,1,0,0,0
3003867.0,469,13,293,9.442857142857141,0,91.0,40,21,4,0
3008179.0,222,9,190,7.081111111111111,0,62.0,12,7,3,1
3009215.0,194,2,150,8.782307692307693,0,56.0,16,7,6,0
3009334.0,15,0,6,15.0,0,2.0,0,2,0,0
3009880.0,336,12,286,7.050833333333333,0,131.0,36,8,9,1
3011735.0,1968,89,1532,7.799285714285715,4,551.0,121,97,42,0
3013415.0,111,5,90,7.5,0,27.0,10,2,4,0
3018504.0,54,2,36,8.25,1,16.0,8,1,2,1
3023327.0,106,1,66,11.145,0,28.0,5,10,0,0
3023383.0,204,7,132,9.666666666666666,0,39.0,13,11,7,0
3029494.0,89,4,70,8.73857142857143,0,20.0,7,3,0,0
3030733.0,1176,59,922,8.23195652173913,1,316.0,77,46,18,3
3033883.0,126,2,120,6.3,0,52.0,13,3,1,0
3035311.0,306,10,186,10.518888888888888,0,55.0,24,18,4,0
3041016.0,314,9,185,11.360833333333334,0,72.0,36,11,9,3
3056752.0,248,10,176,9.271999999999998,0,46.0,17,10,7,0
3057256.0,161,9,138,6.631428571428572,0,61.0,15,4,4,0
3061225.0,477,16,315,8.960645161290321,0,101.0,41,15,23,1
3062079.0,434,20,412,6.5295000000000005,0,162.0,23,14,7,0
3062555.0,418,11,378,6.681176470588235,0,147.0,37,6,13,0
3068547.0,676,15,509,7.9452173913043485,1,196.0,68,22,14,3
3069954.0,117,4,89,8.37875,0,26.0,5,4,5,0
3079677.0,475,20,350,8.15125,1,140.0,44,17,17,0
3081147.0,212,11,174,7.8,0,86.0,20,8,10,3
3083653.0,92,2,50,10.763333333333334,0,16.0,13,1,2,0
3083667.0,1214,58,925,7.907333333333333,1,378.0,115,35,68,3
3083674.0,104,4,72,8.666666666666666,0,24.0,8,4,4,0
3102854.0,511,18,408,8.025652173913043,0,148.0,34,20,15,1
3108958.0,105,3,66,10.5,0,24.0,11,5,3,0
3125849.0,350,13,240,8.75,0,96.0,38,12,2,0
3127683.0,80,3,56,8.483333333333333,0,21.0,6,4,3,0
3130840.0,1000,37,707,8.628787878787879,3,285.0,114,32,29,0
3132086.0,109,2,96,6.8125,0,36.0,11,2,2,0
3133122.0,358,13,324,6.838235294117647,0,138.0,29,12,7,0
3137714.0,192,4,120,10.035714285714286,0,36.0,19,7,5,0
3150538.0,339,17,241,8.485384615384616,0,93.0,23,18,12,3
3150720.0,316,11,178,10.503333333333332,1,56.0,24,16,22,1
3156033.0,1386,56,1076,7.840377358490566,4,488.0,141,45,41,10
3156180.0,90,2,60,9.625,0,22.0,9,2,9,1
3162487.0,977,31,672,9.572105263157894,1,267.0,88,47,16,2
3164321.0,65,3,54,8.11,0,15.0,3,3,0,0
3172952.0,29,3,24,7.25,0,9.0,3,0,0,0
3188254.0,47,0,42,7.085,0,14.0,2,2,1,0
3188681.0,60,5,48,7.5,0,22.0,6,3,0,0
3200756.0,1570,73,1109,8.672500000000001,3,393.0,163,44,47,2
3200966.0,392,15,279,8.724615384615385,0,113.0,39,11,16,8
3212278.0,365,10,246,9.345384615384615,0,63.0,28,16,2,0
3212292.0,402,10,288,8.378461538461538,1,111.0,51,6,13,2
3214812.0,1727,82,1196,8.918103448275861,2,464.0,171,62,64,8
3216569.0,1942,99,1387,8.46409090909091,2,531.0,189,62,49,11
3218340.0,933,38,685,8.674473684210525,0,225.0,76,22,26,7
3231437.0,1323,62,995,8.158936170212767,1,426.0,135,43,34,5
3245689.0,1400,55,1053,8.106153846153846,0,314.0,97,55,24,0
3248783.0,18,0,4,27.0,0,1.0,0,3,0,0
3252395.0,878,42,665,8.203529411764706,2,314.0,94,39,11,1
3257302.0,4,0,6,4.0,0,3.0,0,0,0,0
3260564.0,393,17,355,6.9088,3,117.0,30,6,0,0
3280024.0,105,3,67,9.423333333333334,0,23.0,6,5,6,0
3293520.0,37,0,12,18.5,0,0.0,3,3,0,0
3295277.0,99,2,62,9.716,0,17.0,8,4,1,0
3295452.0,61,2,36,10.17,0,17.0,5,4,4,0
3296264.0,22,2,24,5.5,0,13.0,1,1,1,0
3296271.0,26,0,18,8.67,0,7.0,1,2,0,0
3298427.0,430,22,360,7.132272727272727,0,104.0,21,17,4,0
3299407.0,966,28,799,8.060243902439025,0,276.0,65,33,27,2
3312350.0,647,29,449,9.039090909090909,1,176.0,62,23,15,5
3312364.0,344,10,210,10.785714285714286,0,76.0,26,17,7,2
3326980.0,1312,47,834,9.763095238095238,2,296.0,128,50,55,4
3330725.0,56,1,39,8.8,0,18.0,7,2,1,0
3339160.0,124,3,82,8.7475,0,32.0,11,6,6,0
3339510.0,127,7,138,5.72875,0,62.0,9,4,2,0
3364234.0,492,11,377,9.438055555555556,0,111.0,30,21,4,0
3372634.0,87,3,60,9.583333333333334,0,26.0,13,1,2,1
3373138.0,1526,52,1195,7.827704918032787,1,447.0,100,68,29,0
3373285.0,1382,64,1054,7.954999999999999,4,491.0,144,52,26,2
3373866.0,1396,72,1190,7.091851851851851,6,567.0,122,51,37,10
3377359.0,322,11,243,8.634615384615385,1,77.0,19,13,7,1
3420353.0,64,4,60,6.609999999999999,0,27.0,7,1,2,0
3429236.0,855,26,580,9.034615384615385,0,231.0,74,37,31,3
3456424.0,1769,79,1320,8.151967213114753,2,573.0,169,70,39,17
3462080.0,179,9,138,8.20875,0,60.0,8,12,8,0
3463879.0,33,1,24,8.25,0,11.0,1,3,0,0
3463942.0,8,0,13,3.69,0,7.0,0,0,1,0
3468870.0,832,28,557,9.545714285714284,2,252.0,75,38,58,1
3471761.0,559,24,481,7.610689655172414,0,148.0,35,15,13,0
3479860.0,210,7,179,7.1353333333333335,0,73.0,16,8,2,1
3489093.0,10,1,12,5.0,0,8.0,0,0,5,0
3490087.0,16,3,18,5.33,0,9.0,1,0,2,0
3490150.0,109,5,60,14.716,0,19.0,11,4,8,0
3491879.0,9,0,6,9.0,0,1.0,1,0,0,0
3496429.0,21,1,12,10.5,0,3.0,1,1,1,0
3496933.0,128,6,84,9.413333333333334,0,24.0,7,6,5,1
3497171.0,354,15,282,7.549333333333333,1,132.0,32,12,17,1
3497633.0,370,18,268,8.2075,0,106.0,27,12,16,1
3501161.0,195,9,186,6.3125,0,86.0,12,9,5,0
3501889.0,291,11,242,7.5516,0,76.0,22,5,8,0
3507097.0,376,11,254,9.076923076923077,0,99.0,46,9,15,0
3510499.0,58,0,42,8.0,0,13.0,7,0,4,0
3513362.0,316,12,241,8.125833333333334,1,117.0,33,12,14,2
3519011.0,1617,63,1373,7.136349206349206,1,512.0,106,54,38,0
3535853.0,989,40,916,6.604634146341464,0,348.0,48,36,17,0
3546297.0,1038,52,805,7.717714285714286,1,349.0,95,41,13,2
3566240.0,409,23,366,6.9334999999999996,0,129.0,24,14,10,0
3573723.0,417,12,299,9.439,0,103.0,47,8,13,1
3575774.0,15,1,12,7.5,0,6.0,2,0,1,0
3578742.0,378,10,253,9.291538461538462,0,89.0,29,19,6,2
3578777.0,160,2,96,10.166666666666666,0,29.0,17,7,1,0
3580737.0,314,13,192,10.271818181818182,0,68.0,28,15,12,0
3590362.0,898,32,576,9.58548387096774,0,218.0,82,39,29,6
3600799.0,47,5,42,6.375,0,20.0,4,2,1,0
3602297.0,406,14,232,10.32076923076923,2,74.0,37,19,7,2
3614554.0,15,0,6,15.0,0,1.0,0,2,0,0
3620756.0,298,13,234,7.981111111111111,0,84.0,26,9,9,0
3622807.0,496,15,306,9.666666666666666,0,104.0,56,14,18,2
3633503.0,126,9,138,5.56125,0,59.0,5,3,4,0
3636821.0,962,42,613,9.49090909090909,0,204.0,91,40,17,5
3643870.0,235,7,162,9.190999999999999,0,40.0,12,7,4,0
3660299.0,478,17,287,9.922666666666666,0,83.0,46,19,9,1
3668538.0,106,4,90,7.0,0,41.0,9,4,4,1
3669798.0,30,1,18,10.0,0,3.0,4,0,1,0
3673914.0,126,3,72,10.2275,0,23.0,16,4,2,1
3682160.0,768,19,618,7.9397142857142855,0,203.0,50,28,5,0
3685100.0,1255,62,968,7.724888888888889,0,398.0,122,35,63,4
3685107.0,71,4,61,10.055,0,28.0,4,4,1,0
3685289.0,31,1,18,10.33,0,1.0,2,1,1,0
3687879.0,5,0,2,15.0,0,0.0,1,0,0,0
3691057.0,212,4,132,8.958333333333334,0,45.0,23,9,1,1
3691106.0,206,12,178,6.645,1,86.0,21,8,2,0
3693654.0,434,11,324,8.344666666666667,0,108.0,26,22,9,0
3694445.0,116,4,80,9.1875,0,27.0,15,3,1,0
3696482.0,633,23,528,7.5168,0,189.0,29,29,18,3
3702782.0,162,2,102,12.041666666666666,0,38.0,22,5,3,0
3703328.0,23,0,12,11.5,0,1.0,2,1,0,0
3710090.0,82,1,66,7.428571428571429,0,16.0,4,1,3,0
3715424.0,98,0,54,11.5,0,16.0,2,10,0,0
3715690.0,87,4,71,7.8625,1,40.0,7,6,1,0
3715697.0,1471,56,1296,7.193,1,564.0,104,64,22,4
3715725.0,21,0,18,6.25,0,7.0,3,0,0,0
3729970.0,26,0,19,8.96,0,5.0,4,0,0,0
3731307.0,217,8,155,8.49375,0,63.0,16,9,9,0
3734940.0,333,14,207,9.68,0,56.0,31,11,10,1
3747484.0,463,26,359,7.825882352941176,1,140.0,39,16,9,1
3747764.0,330,13,265,8.752777777777778,0,89.0,21,13,7,0
3759846.0,596,26,444,8.139047619047618,1,168.0,58,23,6,0
3759881.0,16,1,18,5.25,0,5.0,1,0,0,0
3769555.0,850,31,666,7.943870967741935,1,312.0,85,31,14,5
3776849.0,770,38,551,8.558620689655172,2,225.0,80,25,25,3
3782225.0,450,14,303,8.890588235294118,1,99.0,30,24,13,1
3788581.0,679,39,490,8.584999999999999,1,166.0,51,20,35,3
3794174.0,1017,46,728,8.332121212121212,0,312.0,90,47,39,5
3801300.0,256,9,179,8.93888888888889,0,74.0,28,7,13,0
3802378.0,84,2,66,9.5,0,23.0,6,2,2,0
3818282.0,383,16,264,8.961333333333332,1,104.0,30,19,9,2
3834305.0,191,14,159,6.552499999999999,2,61.0,19,2,6,1
3834319.0,798,29,486,9.99392857142857,0,170.0,77,31,33,3
3834354.0,134,3,84,9.602,0,26.0,12,6,1,1
3834375.0,774,16,519,8.8276,0,194.0,78,30,24,2
3845029.0,551,15,386,8.525,1,113.0,44,18,9,1
3849642.0,16,0,6,16.0,0,1.0,0,2,0,0
3850944.0,368,10,261,8.993684210526316,1,85.0,24,19,2,1
3850972.0,86,5,66,8.6875,1,29.0,9,3,2,0
3851518.0,1911,70,1387,8.350806451612904,3,598.0,168,92,46,12
3851595.0,89,4,72,8.98,0,26.0,3,6,0,0
3851658.0,910,38,644,8.506666666666668,1,212.0,70,34,23,6
3851770.0,101,5,78,7.5425,0,22.0,11,2,1,0
3865077.0,1352,41,986,8.231521739130434,0,406.0,146,37,46,10
3872756.0,699,30,597,7.623103448275862,2,237.0,45,33,11,0
3876613.0,54,1,30,11.0,0,11.0,5,3,3,0
3876760.0,305,11,258,7.291428571428571,0,102.0,23,8,11,0
3878489.0,173,5,102,9.884,0,35.0,13,9,6,0
3879259.0,113,3,90,6.9,0,43.0,10,6,0,0
3882850.0,1527,56,1303,7.40296875,0,513.0,106,66,18,1
3890984.0,724,35,476,9.362727272727271,1,188.0,58,36,16,3
3890998.0,418,15,293,8.492142857142857,0,98.0,31,18,7,0
3896801.0,27,4,24,6.75,0,14.0,4,1,0,0
3901078.0,45,0,18,15.0,0,2.0,5,2,0,1
3901099.0,839,26,628,8.042,3,276.0,78,33,21,2
3913433.0,8,1,6,8.0,0,1.0,0,0,1,0
3913447.0,11,2,12,5.5,0,5.0,1,0,0,0
3913468.0,216,5,147,8.6,0,49.0,16,8,10,0
3913475.0,1816,85,1402,7.902615384615384,0,464.0,107,79,35,2
3914658.0,872,45,723,7.398235294117647,1,253.0,51,37,17,0
3967648.0,41,1,24,10.833333333333334,0,5.0,5,1,0,0
3973528.0,350,16,246,8.783333333333333,0,113.0,49,9,11,1
3976965.0,247,10,172,8.99,0,63.0,25,8,5,1
3991700.0,481,19,348,8.56578947368421,0,103.0,37,19,5,0
3992960.0,164,14,108,9.03125,0,38.0,16,6,2,1
3995991.0,352,9,240,9.051538461538462,0,95.0,37,15,4,1
3997727.0,518,17,285,10.994210526315788,0,89.0,58,24,8,2
3998070.0,274,3,144,11.933,0,38.0,25,15,3,1
4001934.0,457,21,420,6.619090909090909,0,155.0,25,12,12,1
4001962.0,13,0,13,6.0,0,5.0,1,0,2,0
4005399.0,22,1,24,5.5,0,9.0,1,0,1,0
4005406.0,638,21,383,10.604800000000001,0,109.0,54,28,8,2
4012203.0,1752,68,1260,8.487777777777778,2,495.0,168,52,47,20
4017523.0,498,27,404,7.508947368421052,4,174.0,53,17,4,1
4019259.0,591,14,396,9.4735,1,152.0,40,39,8,0
4020022.0,23,1,12,11.5,0,5.0,2,2,0,0
4038873.0,28,2,18,9.33,0,7.0,2,2,0,0
4051396.0,417,9,266,9.93909090909091,0,73.0,37,18,6,0
4062813.0,20,0,12,10.0,0,3.0,2,1,0,0
4068133.0,242,13,215,6.9719999999999995,0,95.0,8,16,4,0
4095580.0,107,6,96,6.6875,0,27.0,3,3,0,0
4095594.0,138,6,126,8.0625,0,51.0,9,5,0,0
4097379.0,113,4,78,8.8325,0,24.0,6,5,5,0
4098065.0,50,1,57,5.253333333333333,0,31.0,4,1,1,0
4099318.0,89,3,66,8.056666666666667,0,32.0,6,4,5,1
4112415.0,44,2,30,8.25,0,9.0,4,1,6,0
4118309.0,336,16,276,7.65,0,92.0,23,11,6,0
4123965.0,21,1,24,5.25,0,9.0,0,1,0,0
4132295.0,626,29,529,7.410416666666666,1,185.0,37,21,10,0
4136404.0,347,11,210,9.924666666666667,0,49.0,25,16,8,1
4141563.0,141,5,118,7.153999999999999,1,50.0,17,3,1,0
4149158.0,394,12,327,7.28625,1,159.0,47,11,12,0
4153085.0,53,2,36,8.625,0,12.0,6,1,1,0
4159644.0,10,0,6,10.0,0,1.0,1,0,0,0
4159658.0,212,10,163,8.244444444444445,0,74.0,21,5,15,1
4160267.0,347,11,234,9.22,1,93.0,38,9,15,0
4160316.0,247,8,211,7.566923076923077,0,75.0,11,12,1,1
4160358.0,316,13,239,8.324166666666667,0,93.0,26,10,13,1
4160365.0,70,3,42,12.0,0,13.0,3,5,1,1
4161086.0,25,0,14,10.71,0,1.0,2,1,0,0
4164985.0,18,1,12,9.0,0,2.0,2,0,0,0
4165265.0,179,15,136,7.9750000000000005,0,54.0,17,3,9,2
4167855.0,55,0,36,9.583333333333334,0,3.0,4,0,2,1
4167946.0,370,11,241,9.520666666666667,1,103.0,39,10,26,4
4168086.0,130,2,96,8.616,0,28.0,9,3,6,0
4169339.0,43,2,42,5.79,1,22.0,5,1,2,0
4169514.0,126,3,90,8.532,0,19.0,9,5,1,0
4169542.0,58,2,44,8.0725,0,10.0,2,1,2,1
4170186.0,85,1,41,13.74,0,12.0,6,4,2,2
4170494.0,591,22,500,7.5495833333333335,0,214.0,49,22,17,0
4171180.0,34,0,24,8.0,0,4.0,2,1,0,0
4171187.0,82,3,54,9.333333333333334,0,14.0,7,3,0,0
4171362.0,23,0,18,7.67,0,4.0,1,1,0,0
4171460.0,695,18,474,9.157857142857143,1,159.0,68,20,22,2
4171495.0,4,0,1,24.0,0,0.0,1,0,0,0
4171691.0,517,13,353,8.882222222222222,1,152.0,52,21,21,0
4171859.0,99,2,63,9.942857142857141,0,20.0,7,4,0,1
4171985.0,44,3,30,9.166666666666666,0,10.0,2,3,2,0
4172083.0,604,36,440,8.536,2,195.0,50,23,32,5
4172447.0,32,2,24,7.666666666666667,0,5.0,2,1,0,0
4172706.0,194,9,140,9.25,0,46.0,15,8,1,0
4174925.0,21,0,18,7.0,0,3.0,1,0,1,0
4174932.0,906,20,593,8.934864864864863,0,237.0,93,35,15,12
4174995.0,46,0,22,12.55,0,6.0,7,1,2,0
4175072.0,11,1,6,11.0,0,1.0,2,0,0,0
4175107.0,187,6,114,10.305555555555555,0,35.0,15,8,5,0
4175205.0,82,1,66,8.4375,0,28.0,10,2,1,0
4175772.0,236,11,198,7.25,0,70.0,21,6,0,0
4195708.0,70,4,53,7.486666666666667,0,22.0,6,2,5,0
4195827.0,546,18,335,9.371176470588235,0,121.0,49,25,23,1
4203499.0,520,17,409,8.024,3,155.0,34,25,12,0
4208063.0,143,3,100,8.852,0,40.0,13,6,5,2
4217996.0,37,1,24,9.25,0,6.0,2,1,2,0
4231702.0,269,12,223,8.685263157894738,0,72.0,18,9,4,0
4232325.0,297,21,228,7.683636363636364,2,104.0,29,14,4,1
4238975.0,58,0,36,9.67,0,8.0,3,3,1,0
4239038.0,574,15,408,8.88483870967742,0,129.0,44,20,14,0
4239045.0,36,1,24,9.0,0,5.0,3,1,0,0
4239493.0,230,13,186,7.692,0,69.0,19,6,6,0
4239661.0,17,0,12,8.5,0,2.0,2,0,1,0
4239780.0,256,14,176,8.891,2,66.0,19,10,18,2
4239794.0,1061,38,684,9.4371875,2,248.0,99,50,22,1
4243630.0,49,1,30,9.835,0,8.0,4,2,3,0
4359417.0,382,15,235,10.128461538461538,0,85.0,49,11,17,1
4365465.0,46,1,24,12.833333333333334,0,7.0,2,4,1,0
4365878.0,1122,33,795,8.372391304347826,0,254.0,91,35,36,3
4377610.0,1125,38,849,8.5222,0,337.0,97,46,27,3
4377694.0,905,35,744,7.34969696969697,3,326.0,81,25,26,6
4377855.0,92,2,66,8.9375,0,21.0,7,3,5,0
4377862.0,53,3,48,6.625,0,23.0,2,3,1,0
4381733.0,835,22,537,9.774074074074074,1,199.0,72,40,27,6
4390511.0,85,2,60,8.916666666666666,0,18.0,4,6,0,0
4393402.0,670,36,504,8.063181818181818,1,198.0,60,21,13,1
4397665.0,12,1,12,6.0,0,7.0,0,1,0,0
4397693.0,240,9,150,10.045454545454545,0,43.0,27,7,7,2
4403468.0,204,12,170,8.0025,0,67.0,14,10,6,1
4403475.0,55,0,37,10.200000000000001,0,8.0,5,1,0,2
4403503.0,615,22,444,8.325238095238095,0,152.0,54,19,16,5
4403573.0,508,27,439,7.0909523809523805,4,191.0,56,9,9,2
4403601.0,221,8,170,9.2575,0,60.0,17,8,7,0
4411231.0,321,10,240,8.660714285714286,0,84.0,29,12,4,0
4420828.0,979,42,783,7.9712195121951215,0,250.0,72,29,13,1
4425224.0,10,0,6,10.0,0,0.0,0,0,1,0
4433120.0,122,4,72,9.7925,0,17.0,16,3,1,0
4433547.0,85,3,78,7.284000000000001,0,41.0,6,4,2,0
4433631.0,26,0,24,6.5,0,12.0,1,1,0,0
4434009.0,137,7,132,6.305,0,56.0,7,5,1,1
4435500.0,21,1,24,5.25,0,10.0,2,0,1,0
4435633.0,24,3,24,6.0,0,10.0,1,1,1,0
4435892.0,37,0,25,8.88,0,7.0,2,1,3,0
4460056.0,75,4,54,9.026666666666666,0,21.0,7,1,1,3
4460070.0,633,19,415,9.64695652173913,1,114.0,41,28,6,3
4460154.0,573,15,417,9.115714285714287,0,144.0,38,28,7,0
4462359.0,94,8,108,5.55,0,56.0,5,4,0,0
4462415.0,28,0,12,14.0,0,1.0,3,1,1,0
4462555.0,33,1,36,5.0,0,14.0,2,1,0,0
4462695.0,17,0,18,5.67,0,7.0,2,0,0,0
4472397.0,373,22,252,9.049166666666666,0,99.0,41,12,4,3
4473573.0,347,12,234,8.928333333333333,0,82.0,38,12,2,1
4473993.0,792,34,524,9.261724137931033,0,174.0,76,29,16,3
4489708.0,454,14,245,11.174285714285714,0,69.0,42,18,15,4
4489778.0,117,0,68,10.125,0,20.0,11,6,0,0
4489946.0,19,1,12,9.5,0,4.0,0,2,1,0
4489974.0,295,10,197,8.94375,0,60.0,32,9,3,0
4492620.0,206,2,108,12.09,0,17.0,22,6,3,0
4497646.0,7,0,6,7.0,0,4.0,0,1,0,0
4497674.0,23,1,25,14.375,0,12.0,3,0,0,0
4497688.0,3,0,6,3.0,0,3.0,0,0,0,0
4497744.0,42,0,18,14.0,0,2.0,1,4,1,0
4504002.0,47,4,48,5.875,0,20.0,2,1,3,0
4504044.0,1390,40,872,9.889999999999999,4,338.0,119,71,43,12
4507208.0,810,43,563,8.557037037037036,2,230.0,83,32,21,0
4508006.0,9,0,6,9.0,0,2.0,0,1,0,0
4517246.0,252,9,180,8.960909090909091,0,62.0,22,9,2,0
4523280.0,15,0,18,5.0,0,8.0,1,0,1,0
4527942.0,641,24,528,7.807241379310344,0,152.0,54,8,7,1
4533682.0,658,34,526,7.976,0,192.0,41,32,10,0
4575878.0,922,40,684,8.51138888888889,2,194.0,44,46,15,0
4613580.0,708,21,570,7.774814814814814,1,193.0,55,22,15,0
4626236.0,1093,44,802,8.768571428571429,0,269.0,62,55,12,0
4640824.0,2380,92,1680,8.70270588235294,3,628.0,218,83,67,17
4645304.0,71,0,38,11.686,0,4.0,4,4,0,0
4688998.0,379,14,294,7.788461538461538,2,126.0,36,13,11,1
4690104.0,1027,38,786,7.762173913043478,1,265.0,78,42,11,0
4690230.0,1795,74,1287,8.402833333333334,1,590.0,146,93,72,11
4690300.0,14,0,6,14.0,0,2.0,3,0,1,0
4690328.0,381,18,312,7.633333333333334,0,127.0,17,24,7,0
4702774.0,192,4,102,11.116,0,37.0,17,9,7,5
4709438.0,48,0,24,12.0,0,6.0,5,3,0,0
4731628.0,363,14,301,7.952666666666667,1,145.0,31,19,0,0
4739552.0,1483,63,938,9.547307692307692,1,352.0,127,77,57,2
4739580.0,522,18,312,9.54391304347826,1,110.0,51,21,22,8
4756982.0,1312,67,923,8.795581395348837,3,376.0,131,47,36,2
4761966.0,93,4,66,8.75,0,28.0,8,4,5,0
4767482.0,190,5,144,8.154285714285715,0,66.0,19,7,8,0
4767832.0,959,26,699,8.336111111111112,0,245.0,96,29,19,3
4769148.0,1463,65,1077,8.22255319148936,3,444.0,146,52,32,8
4769470.0,13,3,10,7.8,0,7.0,0,2,0,0
4771780.0,26,1,12,13.0,0,3.0,3,1,1,0
4772494.0,179,8,162,6.314444444444444,0,74.0,15,5,11,1
4772620.0,58,5,72,4.833333333333333,0,32.0,5,0,1,0
4817014.0,324,9,270,7.205384615384616,0,101.0,20,11,14,0
4857838.0,68,5,57,7.275,1,23.0,6,3,0,0
4859476.0,114,8,84,8.375,0,37.0,14,4,2,0
4859490.0,1461,78,1094,8.1608,4,477.0,144,53,42,7
4866728.0,108,3,54,11.64,0,16.0,9,7,2,0
4872902.0,60,5,60,5.75,0,33.0,5,2,0,0
4873014.0,424,14,267,10.172941176470587,1,84.0,37,19,5,4
4874092.0,226,12,150,8.98857142857143,0,38.0,17,9,6,1
4874372.0,43,1,24,10.75,0,8.0,1,4,1,0
4874820.0,922,30,640,8.583666666666666,0,266.0,89,34,33,11
4875086.0,98,1,53,10.386666666666667,0,12.0,11,3,5,0
4880966.0,204,5,144,7.964285714285714,0,52.0,21,5,2,3
4887014.0,196,7,120,10.056666666666667,0,42.0,22,9,2,0
4887336.0,578,22,390,9.183200000000001,0,126.0,51,18,24,3
4888218.0,66,2,54,6.9,0,18.0,4,3,1,0
4888232.0,242,8,198,7.444444444444445,2,94.0,25,7,10,0
4888246.0,52,0,42,7.625,0,17.0,4,1,1,0
4888260.0,32,3,24,8.0,0,9.0,3,1,0,0
4888414.0,455,27,396,7.224210526315789,1,190.0,38,18,10,1
4901182.0,27,0,12,13.5,0,1.0,3,1,0,1
4901196.0,36,0,24,9.0,0,7.0,4,1,2,0
4908518.0,158,8,138,7.261428571428572,0,78.0,19,6,4,1
4908532.0,57,3,54,6.25,0,21.0,5,1,1,0
4949216.0,74,4,60,7.416666666666667,0,19.0,6,2,1,0
4949776.0,358,9,235,9.462941176470588,0,82.0,43,8,15,2
4949790.0,14,2,12,7.0,0,5.0,2,0,0,0
4949804.0,216,8,156,8.644545454545455,0,51.0,15,10,4,0
4950224.0,49,2,36,8.776666666666666,0,10.0,3,2,2,0
4950252.0,84,3,66,8.666666666666666,0,19.0,5,3,0,0
4950266.0,77,5,60,8.0425,0,18.0,6,1,5,1
4950294.0,473,19,414,7.188260869565218,2,139.0,23,17,5,1
4950364.0,210,6,132,9.875,0,48.0,18,11,5,1
4967738.0,666,25,491,8.527307692307692,0,163.0,51,22,19,0
4985546.0,643,22,531,7.57375,0,190.0,37,21,24,1
5001170.0,318,8,240,8.963333333333333,0,84.0,20,16,6,2
5017144.0,439,25,381,7.409199999999999,0,145.0,28,18,14,0
5020448.0,49,0,32,7.82,0,5.0,3,2,0,0
5021624.0,270,4,147,11.257142857142856,0,47.0,22,16,6,1
5038018.0,583,15,429,8.376666666666667,0,141.0,42,28,5,1
5038032.0,105,7,90,7.45,0,30.0,7,4,2,0
5043296.0,65,0,36,10.625,0,12.0,3,5,1,0
5047300.0,102,4,90,7.15,0,26.0,9,1,0,0
5056134.0,99,2,78,7.571428571428571,0,20.0,6,3,1,0
5056204.0,5,0,6,5.0,0,1.0,0,0,0,0
5061748.0,24,1,24,6.0,0,7.0,2,0,0,0
5065024.0,76,1,66,7.0425,1,33.0,12,0,4,0
5091806.0,126,1,96,8.716,0,28.0,11,4,0,0
5120674.0,260,9,261,5.9383333333333335,3,127.0,22,7,2,1
5126050.0,367,11,266,8.466923076923077,1,120.0,30,20,8,1
5126064.0,17,0,13,7.85,0,3.0,1,0,1,0
5141226.0,155,6,114,8.55,0,44.0,10,9,2,0
5161652.0,69,2,48,8.625,0,14.0,6,3,0,0
5164844.0,48,2,26,14.666666666666666,0,7.0,3,3,0,1
5192830.0,317,16,210,9.13888888888889,0,70.0,23,15,2,0
5197436.0,167,9,138,7.357142857142857,0,56.0,14,6,2,0
5231218.0,880,45,669,8.008529411764707,0,224.0,57,36,13,3
5246674.0,8,1,6,8.0,0,3.0,0,1,0,0
5258070.0,87,4,66,8.026666666666666,0,26.0,3,6,0,0
5288226.0,845,42,587,8.743823529411765,2,158.0,48,39,14,3
5350260.0,17,1,7,14.57,0,3.0,2,1,1,0
5361166.0,503,14,301,10.6,1,90.0,38,24,11,4
5367676.0,1341,58,855,9.552857142857142,0,258.0,122,44,23,11
5372142.0,18,2,24,4.335,0,7.0,0,0,0,0
5386716.0,42,3,48,5.25,0,17.0,3,0,0,0
5404440.0,1269,63,949,8.061489361702128,2,374.0,136,34,20,8
5419490.0,48,3,48,6.0,0,19.0,3,1,0,0
5419532.0,138,4,108,8.095714285714285,0,30.0,9,4,0,0
5419546.0,517,18,402,8.053181818181818,0,114.0,28,21,6,0
5419574.0,882,44,673,7.855333333333333,3,302.0,95,28,19,0
5425146.0,94,2,58,9.673333333333334,0,19.0,10,4,0,0
5436878.0,1128,48,821,8.503777777777778,0,263.0,75,54,2,1
5442618.0,72,2,54,7.866,0,17.0,2,5,1,0
5442688.0,137,3,90,9.355,0,35.0,16,4,4,0
5442772.0,224,13,234,5.725,0,105.0,14,6,7,1
5459572.0,24,1,18,8.0,0,9.0,3,1,1,0
5469092.0,28,0,30,5.333333333333333,0,10.0,2,0,0,0
5471948.0,413,15,300,8.25,0,114.0,45,12,12,0
5490582.0,96,3,92,6.725,0,38.0,10,2,0,0
5490624.0,277,7,204,9.279285714285715,0,58.0,14,11,6,1
5490638.0,673,35,522,8.685769230769232,4,241.0,59,26,25,1
5497274.0,1053,30,668,9.537272727272727,0,241.0,98,34,40,11
5499724.0,54,0,30,9.556666666666667,0,4.0,3,3,1,1
5508488.0,144,3,84,10.75,0,23.0,11,7,2,0
5509524.0,1705,50,1375,7.797536231884058,1,491.0,117,54,53,0
5515922.0,432,21,282,10.180000000000001,0,88.0,28,21,11,0
5528116.0,1211,56,985,7.411860465116279,2,331.0,106,28,19,1
5547646.0,105,5,66,10.111666666666666,0,27.0,9,6,3,0
5548318.0,54,3,36,9.125,0,9.0,1,4,0,0
5551062.0,364,13,256,8.548333333333334,0,105.0,36,11,22,3
5553890.0,50,2,32,11.723333333333334,0,9.0,2,3,0,0
5554100.0,214,5,117,11.22,0,54.0,20,14,14,3
5554142.0,2291,102,1625,8.379090909090909,2,603.0,229,63,61,12
5554254.0,3510,173,3109,6.827313432835821,4,1213.0,228,127,52,1
5554282.0,572,23,440,7.495357142857143,2,143.0,46,18,18,4
5557418.0,239,10,241,5.84,1,96.0,7,10,6,0
5560190.0,440,17,295,9.881764705882354,0,93.0,32,20,6,1
5562962.0,190,4,174,7.787272727272727,1,71.0,11,9,2,0
5576402.0,113,1,86,8.766,0,25.0,6,5,0,0
5595302.0,195,21,228,5.6,1,107.0,9,6,4,1
5602778.0,18,2,18,6.0,0,8.0,1,1,0,0
5604738.0,203,4,155,7.864285714285714,1,71.0,19,10,3,0
5618038.0,861,29,540,9.625,0,143.0,81,28,23,0
5636658.0,0,1,3,0.0,1,3.0,0,0,0,0
5643686.0,72,1,48,8.723333333333334,0,16.0,2,5,3,0
5643700.0,767,32,631,7.183333333333334,5,317.0,86,22,20,10
5652296.0,20,0,6,20.0,0,0.0,0,2,0,1
5652758.0,917,47,662,8.499705882352941,4,260.0,93,33,13,1
5652828.0,332,9,198,10.096923076923076,0,64.0,33,16,6,0
5736016.0,554,18,399,8.408695652173913,3,172.0,59,22,20,0
5742470.0,321,9,172,11.056470588235294,0,50.0,20,20,23,3
5744836.0,77,3,54,9.916666666666666,0,17.0,10,0,2,0
5744850.0,1298,54,796,9.963541666666666,2,299.0,117,61,79,10
5752256.0,1,0,1,6.0,0,0.0,0,0,0,0
5757884.0,670,31,472,8.43047619047619,1,202.0,70,25,22,5
5758766.0,6,0,6,6.0,0,3.0,1,0,0,0
5758934.0,48,0,24,12.0,0,6.0,6,2,1,0
5764576.0,307,9,224,8.437826086956521,0,72.0,27,9,10,0
5776490.0,10,0,6,10.0,0,1.0,1,0,0,0
5786766.0,15,0,6,15.0,0,1.0,0,2,0,0
5788320.0,2315,91,1526,9.405394736842105,2,560.0,203,100,61,10
5788418.0,2233,114,1684,7.85860759493671,6,616.0,195,60,75,15
5789370.0,838,39,665,7.648666666666667,0,291.0,78,30,16,8
5831622.0,956,35,839,7.530232558139535,1,367.0,67,41,17,5
5836452.0,25,0,14,10.875,0,4.0,3,1,0,0
5940374.0,255,4,155,10.480714285714285,0,49.0,13,18,7,1
5959834.0,357,14,267,8.9755,2,94.0,30,15,9,1
5972868.0,133,2,101,8.053636363636365,0,31.0,10,5,2,0
5980316.0,65,3,42,10.25,0,17.0,6,4,0,0
5984376.0,912,33,588,9.44892857142857,0,219.0,91,43,19,3
6005838.0,169,6,92,11.174999999999999,0,37.0,16,9,9,1
6005866.0,846,41,598,8.807586206896552,1,228.0,75,32,29,8
6009058.0,180,6,114,9.534,0,42.0,11,10,8,1
6015834.0,16,1,24,5.665,1,14.0,1,0,1,0
6016030.0,117,5,108,6.282,0,48.0,11,1,2,0
6018018.0,15,0,12,7.5,0,4.0,2,0,0,0
6019306.0,615,32,479,8.404137931034482,2,135.0,41,18,9,1
6060844.0,525,29,334,9.71,1,121.0,56,20,11,2
6081914.0,16,0,6,16.0,0,1.0,0,2,0,0
6112406.0,188,5,141,9.115,0,48.0,11,9,1,0
6116396.0,36,1,45,4.77,0,25.0,3,1,0,0
6136738.0,56,4,36,9.625,0,10.0,0,5,0,0
6149268.0,386,15,248,9.895,0,79.0,36,17,9,0
6196280.0,592,24,392,9.137272727272729,0,131.0,51,22,17,4
6200214.0,35,0,18,11.67,0,4.0,4,1,1,0
6217350.0,138,1,77,10.736,0,21.0,11,6,5,1
6219968.0,16,0,12,8.0,0,5.0,3,0,0,0
6240632.0,881,33,489,11.330370370370371,1,127.0,87,37,20,1
6249256.0,421,8,287,8.661481481481482,0,65.0,24,16,12,0
6259434.0,99,4,90,6.9319999999999995,0,38.0,9,2,2,0
6282856.0,504,28,412,7.748888888888889,2,161.0,42,17,10,1
6308098.0,355,9,244,9.083636363636364,1,96.0,33,10,18,1
6308112.0,27,1,24,7.165,0,5.0,2,0,0,0
6311612.0,11,0,7,9.43,0,3.0,2,0,1,0
6320362.0,184,6,143,8.347692307692308,2,60.0,10,10,9,1
6341530.0,158,6,120,7.952857142857143,0,36.0,12,5,1,0
6341796.0,74,0,36,12.333333333333334,0,9.0,5,6,0,0
6342384.0,158,9,102,9.75,0,35.0,12,8,2,0
6346752.0,36,2,24,9.0,0,7.0,2,2,0,0
6347256.0,993,38,629,9.854516129032259,0,226.0,81,49,42,1
6347494.0,1315,68,922,8.803333333333333,1,370.0,101,62,58,8
6364588.0,631,27,443,8.880857142857142,0,119.0,49,22,11,1
6396914.0,95,4,66,8.666666666666666,0,17.0,7,3,3,2
6396984.0,33,0,24,8.25,0,13.0,4,1,1,0
6399210.0,1636,67,1281,7.806551724137931,1,439.0,96,71,35,0
6401282.0,97,1,58,10.0525,0,17.0,8,5,4,0
6401800.0,49,0,30,10.11,0,9.0,1,3,3,1
6401982.0,587,26,414,9.166818181818181,1,190.0,58,23,19,15
6402052.0,24,0,16,9.0,0,7.0,1,2,0,1
6402080.0,11,0,6,11.0,0,1.0,0,1,1,0
6402374.0,848,24,607,8.501785714285715,0,177.0,77,23,11,0
6420126.0,1117,39,776,8.613823529411764,2,348.0,119,40,42,10
6420182.0,99,3,60,10.166666666666666,0,19.0,8,5,2,0
6420252.0,310,8,204,9.225,0,87.0,31,15,10,0
6460614.0,2370,97,1816,8.036867469879518,3,637.0,169,98,38,0
6460642.0,226,10,150,8.81,0,62.0,27,7,14,0
6467096.0,5,0,6,5.0,0,1.0,0,0,0,0
6471870.0,85,4,66,8.475714285714286,0,28.0,5,4,4,2
6486192.0,62,2,50,10.666666666666666,0,15.0,4,2,2,0
6486416.0,575,26,427,8.135263157894736,2,174.0,63,19,12,2
6486486.0,18,0,12,9.0,0,5.0,0,2,0,0
6487032.0,18,1,12,9.0,0,4.0,3,0,0,0
6487970.0,785,24,539,8.86888888888889,0,207.0,77,29,24,8
6489846.0,476,19,320,9.0125,1,131.0,51,14,34,0
6493346.0,371,17,264,8.840833333333334,0,105.0,36,15,8,3
6496118.0,242,7,150,9.901818181818182,0,48.0,20,10,8,1
6496426.0,555,30,420,7.9254999999999995,0,151.0,56,15,6,1
6496440.0,55,2,42,7.875,0,18.0,5,1,2,0
6496776.0,164,15,186,5.463333333333334,2,97.0,9,5,9,3
6496846.0,22,1,24,5.5,0,9.0,1,0,0,0
6511336.0,581,20,448,8.466923076923077,0,139.0,33,26,6,1
6517118.0,22,0,18,7.5,0,3.0,2,0,0,0
6521234.0,372,18,283,8.171428571428573,0,105.0,30,13,6,2
6528458.0,85,6,66,7.9433333333333325,0,28.0,7,5,1,0
6528668.0,441,23,363,7.563529411764707,0,153.0,31,24,3,1
6529354.0,217,8,150,9.365,1,57.0,19,9,6,0
6551978.0,142,3,96,9.772727272727273,0,32.0,14,6,2,0
6565684.0,191,13,198,5.712222222222222,2,101.0,18,4,4,1
6572572.0,164,4,84,11.6025,0,17.0,9,9,11,0
6572726.0,212,7,168,8.313529411764705,0,58.0,14,7,6,0
6584164.0,58,5,66,5.9575,1,32.0,4,1,1,0
6586824.0,1161,41,924,7.674318181818182,3,447.0,125,40,39,5
6598528.0,918,30,654,8.538571428571428,1,267.0,95,32,28,2
6619794.0,43,1,42,6.085,0,16.0,4,1,0,0
6623798.0,9,0,6,9.0,0,3.0,2,0,0,0
6624568.0,209,10,174,7.634,0,52.0,7,10,2,0
6624582.0,67,1,54,7.055,0,17.0,4,3,0,0
6625632.0,54,0,30,11.25,0,8.0,8,0,1,0
6639604.0,56,1,48,7.0,0,21.0,5,1,1,0
6639674.0,22,1,12,11.0,0,4.0,3,1,0,0
6639828.0,9,0,3,18.0,0,0.0,0,1,0,0
6640164.0,133,4,100,9.015,0,31.0,9,5,4,1
6640178.0,41,3,30,8.875,0,11.0,4,1,1,0
6646240.0,240,7,174,8.684444444444445,0,63.0,24,7,5,1
6646828.0,123,2,72,10.3325,0,24.0,13,2,14,1
6646940.0,498,14,386,7.9864999999999995,1,128.0,43,13,7,0
6650230.0,73,5,66,6.6933333333333325,0,31.0,3,5,1,0
6652848.0,111,6,108,6.35,0,53.0,13,2,3,0
6662480.0,21,0,12,10.5,0,3.0,3,0,0,0
6665490.0,65,1,36,10.835,0,6.0,6,2,0,1
6669116.0,55,2,36,8.333333333333334,0,12.0,8,0,4,0
6676564.0,69,3,60,7.026666666666666,0,22.0,7,1,2,0
6686658.0,599,37,466,7.843333333333334,2,202.0,66,13,28,3
6694190.0,69,2,49,9.0,0,18.0,6,3,3,0
6698110.0,275,8,174,9.666666666666666,0,38.0,26,9,7,0
6703528.0,72,3,32,12.875,0,6.0,6,4,1,0
6706062.0,212,9,150,8.678571428571429,0,61.0,11,15,4,1
6710850.0,20,1,19,3.6666666666666665,1,8.0,1,1,0,0
6718326.0,8,0,6,8.0,0,1.0,1,0,0,0
6718340.0,160,5,126,8.095714285714285,0,53.0,16,4,8,0
6718382.0,422,18,384,7.138571428571429,0,146.0,32,11,9,0
6718396.0,457,26,369,7.564,1,153.0,36,19,15,1
6718410.0,462,23,329,8.465882352941176,1,141.0,58,10,18,2
6718438.0,198,11,143,9.406666666666666,0,58.0,22,6,7,0
6718536.0,96,1,58,10.6875,0,15.0,4,7,0,0
6718802.0,85,2,54,8.714285714285714,0,11.0,5,4,0,0
6718844.0,928,37,619,9.245625,1,246.0,83,42,34,3
6722540.0,816,40,701,7.009,1,264.0,58,29,9,0
6729862.0,99,5,96,7.25,0,43.0,7,3,5,0
6732004.0,1362,56,953,8.517954545454545,0,385.0,137,49,51,5
6739830.0,321,23,255,7.787857142857143,0,109.0,28,10,16,0
6773234.0,216,11,168,7.6875,0,66.0,27,2,7,1
6799456.0,239,11,168,8.324444444444445,0,68.0,28,7,6,1
6816606.0,188,4,113,9.918000000000001,0,28.0,15,7,7,1
6816718.0,148,6,108,8.3,0,35.0,14,3,3,0
6817628.0,30,0,13,13.85,0,4.0,4,1,2,0
6818776.0,2046,92,1798,6.906329113924051,4,799.0,162,70,46,0
6819238.0,873,31,729,7.2084375000000005,2,308.0,91,19,26,1
6842170.0,252,8,191,7.6175,0,65.0,18,9,9,4
6845950.0,153,13,127,7.343333333333334,0,38.0,8,4,3,2
6898492.0,53,0,24,13.25,0,3.0,7,2,0,0
6928802.0,71,2,48,8.875,0,19.0,4,5,1,0
6930230.0,11,0,12,5.5,0,6.0,0,1,0,0
6930286.0,990,43,699,8.432571428571428,1,288.0,95,41,28,3
6931140.0,63,3,57,6.56,0,25.0,3,4,1,0
6931168.0,205,9,139,9.45875,0,56.0,22,7,11,1
6988596.0,32,0,12,16.0,0,1.0,1,3,0,1
7005550.0,99,7,90,7.125,1,52.0,9,4,2,0
7036812.0,701,28,585,7.637407407407408,1,191.0,43,26,11,0
7068858.0,119,5,76,9.815,0,26.0,13,4,2,2
7084930.0,141,8,126,6.892857142857143,0,60.0,15,5,3,0
7084972.0,516,19,354,9.08705882352941,0,145.0,56,20,16,4
7086456.0,57,1,36,9.5,0,17.0,4,4,2,0
7089858.0,37,0,30,9.875,0,13.0,6,0,1,0
7158710.0,78,0,36,13.0,0,3.0,10,2,1,0
7161426.0,263,7,147,10.772857142857143,0,56.0,28,8,16,4
7184232.0,238,4,150,9.547142857142857,0,49.0,25,8,6,3
7184666.0,429,21,289,9.57,0,96.0,42,14,9,2
7194480.0,661,19,418,9.74409090909091,0,146.0,71,21,12,6
7200668.0,141,4,103,8.291428571428572,1,30.0,9,5,0,0
7209964.0,239,6,206,7.2272727272727275,0,74.0,17,7,2,0
7213856.0,117,0,75,9.5625,0,35.0,14,3,8,0
7253350.0,303,21,229,8.589285714285714,1,94.0,29,8,15,1
7256108.0,14,0,6,14.0,0,1.0,3,0,0,0
7256122.0,28,1,18,9.33,0,8.0,3,1,2,0
7256234.0,34,0,24,8.5,0,8.0,5,0,0,0
7267448.0,38,0,18,12.67,0,7.0,5,2,1,0
7276380.0,841,50,605,8.478666666666667,1,263.0,86,30,18,9
7288490.0,111,5,73,9.856666666666667,0,26.0,13,3,1,0
7326220.0,64,1,48,8.0,0,18.0,3,2,3,0
7327410.0,262,9,144,10.79125,1,44.0,27,11,3,4
7327452.0,268,14,192,9.167,0,77.0,29,8,9,2
7328110.0,83,1,42,13.534,0,6.0,10,2,3,1
7341186.0,473,26,478,6.107727272727273,1,206.0,27,13,15,0
7341872.0,63,4,48,7.875,0,21.0,5,3,0,0
7341900.0,147,8,174,5.04125,1,86.0,12,2,6,0
7342250.0,156,2,84,11.815999999999999,0,20.0,17,5,1,2
7344868.0,136,9,114,7.535714285714286,0,48.0,6,8,4,0
7353828.0,624,28,445,7.964583333333334,1,187.0,70,16,20,1
7401806.0,28,1,18,9.25,0,4.0,4,0,0,0
7402205.0,24,0,18,9.75,0,4.0,0,2,0,0
7409569.0,232,15,192,7.064444444444444,0,73.0,18,8,4,0
7412481.0,91,3,56,8.583333333333334,1,18.0,8,3,4,2
7412922.0,174,12,156,7.125,0,64.0,6,10,3,0
7417024.0,51,2,42,7.125,0,19.0,4,3,0,0
7419488.0,23,1,24,5.75,0,11.0,2,0,3,0
7421735.0,93,2,72,7.75,0,19.0,6,4,1,0
7430282.0,8,0,12,4.0,0,5.0,0,0,0,0
7436379.0,29,0,18,10.5,0,4.0,1,2,0,0
7439704.0,26,0,18,8.67,0,5.0,4,0,1,0
7453697.0,1022,45,863,7.191052631578947,1,312.0,63,37,18,1
7455818.0,184,3,141,8.331111111111111,0,32.0,12,4,2,0
7459647.0,122,6,90,8.834285714285715,0,33.0,10,5,3,2
7482894.0,102,0,42,16.5425,0,8.0,9,6,2,1
7488753.0,82,2,48,10.8,0,12.0,10,2,1,0
7491091.0,127,10,144,5.964285714285714,2,81.0,10,3,4,0
7491294.0,391,12,330,7.742916666666667,1,133.0,27,17,8,0
7491329.0,186,7,121,9.77,1,48.0,22,7,5,1
7491371.0,125,3,115,6.68,0,47.0,7,6,1,0
7491385.0,576,37,456,7.398636363636364,1,187.0,48,21,26,3
7494668.0,183,9,141,9.068181818181818,0,54.0,11,10,1,1
7495291.0,49,2,32,9.443333333333333,0,10.0,4,2,2,0
7497013.0,60,1,42,8.375,0,10.0,3,3,1,0
7500324.0,140,4,108,8.95875,0,34.0,11,4,1,1
7507303.0,2051,98,1594,7.874225352112677,5,695.0,211,55,62,13
7507317.0,220,8,126,10.791666666666666,0,43.0,23,9,8,1
7507387.0,138,7,126,6.3183333333333325,0,59.0,10,4,9,2
7507408.0,24,0,24,6.0,0,8.0,2,0,0,0
7507429.0,6,1,6,6.0,0,3.0,1,0,0,0
7520344.0,5,0,6,5.0,0,1.0,0,0,0,0
7534722.0,28,4,24,7.0,0,13.0,2,2,0,0
7534771.0,32,0,24,8.0,0,4.0,1,1,1,0
7535324.0,212,4,138,9.138333333333334,0,43.0,10,13,5,1
7537004.0,338,10,240,8.479375,0,100.0,29,17,9,1
7537060.0,233,7,162,8.717,0,46.0,13,12,6,0
7537067.0,553,16,360,9.648260869565217,0,106.0,48,17,15,2
7539454.0,53,1,42,7.625,0,16.0,5,2,0,1
7541162.0,147,6,121,7.68,0,54.0,17,4,1,0
7543647.0,230,13,211,6.543000000000001,0,84.0,18,3,5,0
7550864.0,163,6,125,8.64375,1,56.0,13,9,3,0
7550892.0,316,17,264,7.456,0,135.0,27,17,8,1
7556051.0,502,16,379,10.083333333333334,0,127.0,28,24,9,0
7556303.0,145,7,102,9.425555555555555,0,31.0,13,4,7,0
7557689.0,92,8,89,6.212000000000001,1,38.0,3,5,3,0
7558886.0,276,8,216,8.901818181818182,0,71.0,13,15,5,0
7558949.0,670,27,486,8.87625,1,202.0,64,24,23,5
7565697.0,209,9,123,12.694444444444445,0,37.0,12,15,5,0
7570072.0,61,3,60,6.5425,0,21.0,3,2,0,0
7570079.0,7,2,12,3.5,0,9.0,1,0,1,0
7570107.0,640,20,506,8.15846153846154,3,173.0,32,37,4,0
7570121.0,256,4,210,7.7575,0,62.0,12,12,2,0
7581181.0,125,1,96,7.9159999999999995,0,25.0,9,4,0,0
7581223.0,451,14,279,9.336428571428572,0,95.0,39,23,13,1
7581244.0,105,2,74,9.5625,0,29.0,12,3,0,1
7586963.0,32,3,42,4.71,0,20.0,1,1,1,0
7586970.0,91,1,66,8.528333333333334,0,14.0,6,2,2,1
7620283.0,61,3,54,8.333333333333334,0,21.0,5,1,1,0
7620297.0,186,12,114,9.875,0,40.0,24,6,3,0
7620339.0,9,0,12,4.5,0,4.0,0,0,0,0
7620346.0,33,1,12,16.5,0,2.0,4,2,0,0
7629579.0,130,4,108,7.3,0,54.0,15,3,3,0
7629747.0,286,14,246,7.805,0,93.0,13,11,9,0
7634192.0,78,2,54,9.833333333333334,0,20.0,4,6,0,0
7636075.0,27,1,24,6.75,0,6.0,3,0,0,0
7651657.0,769,31,444,10.757333333333333,1,137.0,66,37,25,8
7655437.0,28,2,32,6.5,0,10.0,2,0,0,0
7658608.0,191,3,108,11.041666666666666,0,35.0,25,6,4,0
7661996.0,662,25,460,8.998888888888889,4,205.0,70,30,15,2
7664943.0,368,15,276,9.07,0,79.0,26,12,4,0
7664957.0,585,18,414,8.648947368421053,0,117.0,53,18,6,0
7672874.0,524,16,341,9.54409090909091,0,78.0,42,20,4,0
7681869.0,79,1,60,7.6675,0,10.0,6,0,1,0
7687259.0,114,0,54,12.583333333333334,0,6.0,12,5,2,0
7687287.0,21,1,12,10.5,0,5.0,4,0,1,0
7687315.0,905,42,542,10.374827586206896,0,170.0,77,41,26,10
7688848.0,288,8,170,10.876363636363637,1,50.0,23,14,7,2
7694588.0,226,9,154,10.135555555555555,0,62.0,23,8,10,1
7695666.0,408,13,324,8.108,0,98.0,27,14,9,0
7712494.0,74,4,48,9.25,0,18.0,4,4,4,0
7713110.0,10,0,12,5.0,0,2.0,0,0,0,0
7732892.0,389,24,275,8.614285714285714,0,95.0,38,13,7,0
7732934.0,1224,50,886,8.429130434782609,5,378.0,131,38,38,5
7742496.0,9,0,6,9.0,0,3.0,2,0,0,0
7742860.0,39,2,42,5.75,0,20.0,5,0,1,0
7753549.0,112,9,109,6.491666666666667,1,55.0,4,7,3,0
7753570.0,123,9,132,5.25,1,68.0,13,1,6,0
7753605.0,27,1,30,5.0,0,14.0,1,0,1,0
7753710.0,19,0,18,6.25,0,9.0,1,1,2,0
7753717.0,25,2,18,8.33,0,10.0,2,0,0,5
7753773.0,38,0,30,9.25,0,13.0,4,0,5,1
7753815.0,27,0,18,9.0,0,7.0,3,1,0,0
7758638.0,1245,43,1052,7.2923913043478255,1,400.0,81,51,22,5
7759443.0,198,10,175,6.97,1,77.0,9,10,3,0
7761823.0,284,11,193,9.476666666666667,1,68.0,21,11,13,0
7783432.0,478,28,367,7.810526315789474,2,165.0,44,16,28,3
7783901.0,670,34,433,9.99409090909091,0,166.0,60,31,13,10
7785413.0,21,0,18,7.0,0,3.0,2,0,0,0
7785448.0,178,5,138,8.79125,0,66.0,17,4,16,1
7785462.0,12,0,6,12.0,0,2.0,1,1,0,0
7785497.0,17,2,24,4.25,0,11.0,1,0,1,0
7804677.0,35,1,24,8.75,0,10.0,3,2,1,0
7805244.0,13,0,12,6.5,0,4.0,1,0,0,0
7806378.0,91,3,54,10.11,0,18.0,7,6,0,0
7810977.0,207,4,132,10.607142857142858,0,29.0,16,7,8,0
7811033.0,139,8,95,9.161666666666667,1,42.0,13,6,4,0
7833069.0,31,0,24,7.75,0,9.0,5,0,0,0
7851066.0,63,2,24,15.75,0,10.0,5,5,5,0
7859970.0,62,1,30,13.75,0,10.0,8,3,2,0
7860404.0,49,0,48,5.9433333333333325,0,20.0,5,1,0,0
7860439.0,359,8,241,9.972307692307691,0,109.0,42,10,21,8
7866039.0,420,13,323,8.01125,4,156.0,48,11,16,1
7866522.0,156,2,96,9.55,0,38.0,17,7,9,1
7869994.0,527,14,349,8.7284,2,104.0,39,21,14,0
7870043.0,7,0,6,7.0,0,4.0,0,1,0,0
7871303.0,212,6,168,9.058,0,53.0,13,9,3,0
7871310.0,58,2,42,9.333333333333334,0,19.0,1,5,0,0
7873172.0,112,7,97,7.126,0,41.0,9,3,3,0
7877232.0,235,10,189,8.042,0,85.0,24,6,9,1
7878765.0,599,23,453,7.93,0,187.0,57,15,32,6
7878989.0,182,8,161,7.0425,0,57.0,12,5,5,2
7879829.0,557,21,364,9.24764705882353,1,156.0,63,20,27,1
7881775.0,68,4,69,5.87,1,28.0,5,2,0,0
7881845.0,2195,93,1578,8.394324324324323,1,644.0,220,72,96,9
7881866.0,30,0,18,10.0,0,6.0,3,1,0,0
7883504.0,313,19,312,6.222222222222222,1,126.0,18,10,2,0
7906968.0,286,14,282,5.994666666666666,0,150.0,21,12,9,0
7907458.0,269,8,198,8.108,1,84.0,28,7,12,3
7907472.0,62,5,48,7.333333333333333,0,16.0,3,3,1,0
7907479.0,213,5,168,7.607142857142857,0,59.0,10,11,3,1
7907661.0,280,11,217,7.595384615384615,1,82.0,16,12,9,1
7913254.0,454,17,320,8.673125,2,122.0,39,22,11,0
7921262.0,178,13,162,6.678571428571429,0,71.0,12,8,4,0
7921346.0,257,10,228,6.85,0,81.0,23,4,5,0
7921542.0,60,2,65,5.616666666666667,0,35.0,4,3,0,0
7922291.0,904,40,712,7.637741935483871,2,286.0,81,27,43,7
7923754.0,74,4,42,10.585,0,15.0,9,4,0,0
7924048.0,324,23,306,6.488571428571428,1,160.0,26,12,14,0
7925546.0,127,4,78,10.57,0,19.0,9,6,5,0
7947337.0,24,1,24,6.0,0,7.0,2,0,0,0
7947393.0,365,15,264,8.346153846153847,0,115.0,44,10,7,6
7947414.0,12,0,16,4.5,0,9.0,1,0,2,0
7950431.0,11,1,12,5.5,0,6.0,1,0,0,0
7960966.0,23,0,6,23.0,0,0.0,4,1,0,0
7968225.0,1787,74,1560,6.842089552238806,2,590.0,125,54,37,1
7976653.0,260,9,156,9.91625,0,52.0,25,13,4,2
7976674.0,24,1,18,8.0,0,7.0,2,1,0,0
7987237.0,57,1,42,8.46,0,18.0,4,2,2,1
7993551.0,54,5,78,4.4,0,40.0,3,0,4,0
8001972.0,17,0,12,8.5,0,4.0,3,0,0,0
8001986.0,16,0,18,5.33,1,10.0,2,0,1,0
8001993.0,15,0,15,6.0,0,8.0,1,1,0,0
8004716.0,91,4,60,9.193333333333333,0,19.0,6,4,2,0
8004730.0,78,1,42,11.0,0,14.0,6,5,0,1
8004751.0,38,0,30,8.875,0,9.0,1,2,0,0
8006676.0,400,11,216,11.714285714285714,0,74.0,43,18,20,3
8012612.0,25,0,21,7.14,0,13.0,2,2,0,0
8018751.0,110,4,70,9.2725,0,24.0,14,3,5,0
8027396.0,90,6,66,7.7925,0,30.0,3,6,5,1
8028194.0,77,2,48,9.625,0,18.0,9,2,4,0
8035873.0,55,1,36,9.165,0,8.0,6,1,0,0
8040136.0,618,22,411,9.59590909090909,0,103.0,40,30,4,0
8050160.0,621,18,396,10.072727272727272,1,129.0,44,31,15,5
8054017.0,19,1,12,9.5,0,2.0,3,0,0,0
8055417.0,1164,42,884,8.3572,0,262.0,89,32,22,2
8056705.0,50,1,24,12.5,0,5.0,6,2,0,0
8058840.0,58,2,48,6.833333333333333,0,25.0,9,0,2,0
8058903.0,32,1,19,8.0,1,5.0,4,1,0,0
8058910.0,33,1,24,8.25,0,6.0,5,0,0,0
8058959.0,35,0,18,11.666666666666666,0,5.0,3,2,0,0
8059015.0,20,4,24,5.0,0,15.0,3,0,0,1
8059113.0,86,7,54,9.403333333333334,2,29.0,10,5,2,1
8059379.0,163,9,140,6.898571428571429,1,74.0,14,8,7,0
8066883.0,35,1,30,7.0,0,11.0,3,1,0,0
8067002.0,213,11,186,7.818181818181818,0,76.0,15,7,4,0
8067037.0,27,2,18,9.0,0,6.0,2,1,0,0
8069011.0,57,0,24,14.165,0,5.0,4,5,1,0
8070915.0,159,4,132,7.96875,0,43.0,8,5,6,0
8072049.0,32,2,18,10.67,0,7.0,2,1,2,1
8072056.0,446,22,378,7.4494444444444445,0,143.0,29,18,1,2
8072861.0,83,1,36,13.835,0,8.0,10,3,2,1
8072945.0,95,6,66,8.611666666666666,0,19.0,9,3,2,0
8083060.0,27,1,24,6.75,0,9.0,1,1,0,0
8086847.0,61,3,35,10.135,0,13.0,9,2,2,0
8088499.0,78,0,42,11.165,0,10.0,4,5,3,0
8088534.0,80,5,54,8.89,0,18.0,8,2,1,0
8088583.0,59,3,48,8.166666666666666,0,21.0,5,1,3,1
8088625.0,29,1,24,7.25,0,8.0,3,0,0,0
8088695.0,8,1,18,2.67,1,12.0,0,0,1,0
8089024.0,51,1,49,6.663333333333334,0,29.0,5,0,7,1
8089206.0,70,1,37,11.256666666666666,0,12.0,7,1,6,0
8090256.0,10,0,6,10.0,0,2.0,2,0,0,0
8095317.0,37,0,24,9.25,0,2.0,1,1,0,0
8095324.0,21,1,16,7.88,0,6.0,2,1,0,0
8095352.0,22,2,24,5.5,0,9.0,0,1,0,0
8095359.0,20,1,12,10.0,0,4.0,2,0,3,0
8096829.0,11,0,6,11.0,0,2.0,2,0,1,0
8106629.0,1439,44,1100,7.9507843137254905,1,471.0,148,39,42,6
8106706.0,214,9,149,8.792857142857143,0,62.0,20,11,1,1
8106713.0,1179,45,828,8.676315789473684,1,353.0,123,44,36,8
8109779.0,493,22,308,9.78875,1,110.0,34,29,19,2
8115610.0,293,9,166,10.176666666666668,1,65.0,37,13,8,1
8116478.0,116,7,96,7.9,0,41.0,9,4,0,3
8117150.0,61,4,48,7.5,0,13.0,2,3,2,0
8117990.0,640,22,498,8.122666666666667,0,158.0,38,28,15,1
8117997.0,27,0,18,9.0,0,4.0,1,2,0,0
8118032.0,72,1,50,9.403333333333334,1,22.0,9,2,0,0
8118039.0,95,3,84,6.835,0,40.0,7,5,1,0
8118053.0,499,14,312,9.421875,0,123.0,47,25,20,3
8118060.0,18,0,12,9.0,0,2.0,1,1,0,0
8118067.0,287,11,210,8.629090909090909,0,95.0,29,11,9,3
8118123.0,117,9,107,6.376666666666666,1,51.0,12,3,3,0
8118137.0,157,7,129,7.211428571428572,1,51.0,16,2,3,3
8118151.0,192,12,150,8.11111111111111,0,63.0,15,9,4,1
8118249.0,20,0,7,20.0,0,0.0,2,1,1,0
8118284.0,277,7,186,9.235454545454546,0,59.0,26,10,3,0
8118305.0,92,3,48,11.5,0,20.0,6,8,2,1
8118431.0,151,7,150,6.155714285714287,0,63.0,11,5,0,0
8118578.0,68,1,48,8.75,0,13.0,5,3,0,0
8118592.0,11,0,6,11.0,0,1.0,0,1,0,0
8118648.0,108,4,108,6.394285714285714,0,44.0,4,5,3,0
8118725.0,32,1,19,10.11,0,6.0,6,0,1,0
8118914.0,364,14,306,7.292142857142857,0,120.0,20,19,4,0
8119600.0,35,0,18,11.67,0,7.0,2,3,2,0
8127230.0,24,2,18,6.5,0,7.0,2,1,0,0
8127314.0,110,1,66,11.3975,0,12.0,11,4,0,0
8127321.0,36,0,18,12.0,0,4.0,0,4,0,0
8130436.0,89,5,96,6.25,0,45.0,9,1,2,0
8131255.0,2864,118,2036,8.476881720430107,4,776.0,266,109,65,4
8136659.0,46,5,32,9.61,0,9.0,2,2,4,0
8136680.0,32,1,24,8.0,0,10.0,2,2,1,0
8142084.0,31,3,24,7.75,0,11.0,4,1,0,0
8142091.0,30,1,24,7.5,0,9.0,4,0,1,0
8142119.0,96,4,72,8.0,0,26.0,6,3,3,0
8142126.0,76,0,60,7.723333333333334,0,16.0,5,1,0,0
8142140.0,19,0,18,6.33,0,9.0,3,0,1,0
8142231.0,16,2,14,10.25,0,5.0,1,0,2,0
8144429.0,292,8,190,9.64111111111111,0,70.0,25,15,10,0
8144443.0,23,0,12,11.5,0,3.0,3,1,0,0
8145703.0,34,3,24,8.5,0,10.0,4,1,2,0
8145745.0,56,6,72,4.666666666666667,0,37.0,4,1,1,0
8145815.0,165,7,120,8.43,0,50.0,17,5,12,1
8145878.0,550,21,398,8.726315789473684,2,168.0,63,16,18,2
8145913.0,29,0,30,5.835,0,10.0,1,1,0,0
8146452.0,14,0,6,14.0,0,0.0,1,1,0,0
8146998.0,916,48,699,7.857631578947368,0,235.0,91,20,9,0
8149504.0,16,1,12,8.0,0,4.0,1,1,0,0
8174403.0,6,0,2,18.0,0,1.0,0,1,0,0
8174466.0,181,8,120,8.86,0,52.0,15,9,6,1
8175789.0,79,3,66,6.859999999999999,1,31.0,5,5,0,0
8176356.0,10,0,6,10.0,0,1.0,1,0,0,0
8180486.0,20,0,6,20.0,0,1.0,1,2,1,0
8180500.0,795,36,702,6.972972972972973,4,286.0,57,31,11,0
8193296.0,76,1,30,14.0,0,6.0,6,6,0,0
8193310.0,736,41,540,8.500714285714286,1,167.0,46,32,18,1
8201542.0,22,0,12,11.0,0,1.0,2,1,0,0
8204881.0,54,3,54,5.890000000000001,0,22.0,4,1,0,0
8210789.0,376,16,279,7.753684210526315,0,87.0,41,6,15,0
8219014.0,18,1,12,9.0,0,4.0,0,1,2,0
8227085.0,153,7,126,7.278333333333333,0,49.0,13,7,0,0
8227974.0,218,5,138,10.709,0,50.0,14,14,4,0
8228009.0,8,1,12,4.0,0,10.0,1,0,2,0
8228016.0,86,0,54,9.89,0,18.0,10,2,5,1
8228100.0,1419,67,1194,7.163333333333333,0,461.0,98,53,38,5
8228177.0,49,0,20,14.7,0,1.0,4,3,1,0
8228184.0,67,4,43,9.525,0,16.0,8,3,1,0
8228219.0,186,2,114,10.431666666666667,1,46.0,23,8,2,0
8228226.0,24,0,12,12.0,0,2.0,2,1,1,0
8228233.0,43,0,30,9.5,0,7.0,6,0,0,0
8228401.0,112,6,108,6.9,2,65.0,13,4,4,0
8228408.0,40,1,30,8.625,0,8.0,4,1,0,0
8228443.0,57,2,60,5.416666666666667,0,27.0,4,2,1,0
8228478.0,49,4,60,4.4175,1,27.0,1,2,1,0
8228506.0,8,0,6,8.0,0,2.0,1,0,1,0
8228520.0,79,2,54,8.833333333333334,0,19.0,10,1,6,0
8229283.0,105,4,60,10.47,0,21.0,11,5,3,0
8230830.0,52,1,24,13.0,0,7.0,6,1,0,4
8237179.0,21,1,24,5.25,0,10.0,2,0,0,0
8238726.0,439,15,322,8.478666666666667,1,141.0,48,15,10,3
8246398.0,112,2,96,7.3340000000000005,0,33.0,7,3,0,0
8246419.0,44,3,54,6.666666666666667,0,27.0,3,0,1,0
8246433.0,123,11,138,5.416666666666667,3,91.0,14,1,9,2
8246440.0,243,27,295,5.5280000000000005,4,156.0,13,8,4,0
8246573.0,209,21,223,5.824,3,114.0,18,5,3,0
8271913.0,21,2,24,5.666666666666667,0,11.0,2,0,1,0
8271927.0,6,1,6,6.0,0,3.0,1,0,0,0
8277716.0,1174,41,955,7.56953488372093,0,390.0,88,31,76,3
8287502.0,48,1,24,12.0,0,5.0,4,3,1,0
8296644.0,32,0,18,10.666666666666666,0,7.0,1,3,3,0
8298338.0,64,4,53,6.8075,1,24.0,6,2,1,0
8298723.0,6,1,6,6.0,0,4.0,1,0,1,0
8299010.0,17,0,6,17.0,0,0.0,0,2,0,0
8306619.0,18,0,6,18.0,0,3.0,1,2,0,1
8329159.0,105,5,102,6.0,0,45.0,11,1,1,0
8333989.0,28,1,18,9.33,0,5.0,4,0,1,0
8338357.0,17,0,10,10.2,0,2.0,2,0,1,1
8339701.0,1170,46,900,7.779999999999999,0,314.0,69,45,52,0
8350593.0,80,3,66,7.109999999999999,0,20.0,4,2,4,0
8353169.0,16,2,18,5.33,0,6.0,1,0,0,0
8354800.0,3,1,6,3.0,0,3.0,0,0,0,0
8354821.0,402,11,235,10.829285714285716,0,75.0,42,17,8,4
8354835.0,363,19,326,7.546875,1,123.0,20,14,4,2
8354849.0,340,14,318,6.66625,0,117.0,17,11,3,0
8354856.0,120,5,78,9.3125,1,24.0,9,6,3,1
8355808.0,196,9,192,6.608,1,74.0,10,7,0,0
8363578.0,450,23,304,10.535714285714286,0,112.0,38,10,42,1
8364537.0,17,1,12,8.5,0,1.0,1,0,1,0
8364726.0,75,0,48,9.375,0,9.0,7,2,1,0
8366021.0,48,1,30,9.5,0,7.0,5,1,2,0
8366728.0,119,5,102,7.934,0,31.0,8,3,1,0
8369647.0,76,2,65,7.289999999999999,1,26.0,2,5,0,0
8372363.0,252,10,163,9.35875,1,71.0,26,14,4,1
8375513.0,157,5,119,7.995,0,38.0,14,2,6,0
8385838.0,49,3,36,8.125,0,14.0,3,3,0,0
8392110.0,45,1,24,11.25,0,8.0,6,2,0,0
8392152.0,59,3,48,7.375,0,14.0,2,2,3,0
8395141.0,458,22,338,8.402777777777779,2,151.0,39,20,32,1
8397703.0,71,1,42,10.835,0,14.0,6,4,1,0
8400895.0,7,0,6,7.0,0,2.0,1,0,0,0
8404325.0,36,1,24,9.0,0,10.0,2,3,0,0
8410653.0,55,0,36,10.0825,0,8.0,8,0,2,0
8410674.0,44,0,24,10.335,0,4.0,7,0,1,0
8410765.0,193,6,180,6.962222222222222,0,70.0,10,9,0,0
8410772.0,68,4,42,10.125,0,11.0,7,2,1,0
8410898.0,100,3,60,10.053333333333333,0,18.0,8,5,2,0
8411234.0,177,6,144,8.555555555555555,0,61.0,18,3,6,2
8414699.0,137,9,120,6.85,0,52.0,11,5,1,0
8419515.0,8,0,6,8.0,0,2.0,1,0,0,0
8421818.0,112,1,75,10.016,0,33.0,12,4,1,0
8425696.0,237,14,183,7.463333333333334,1,77.0,15,12,11,0
8426291.0,681,27,498,8.163181818181819,0,198.0,76,17,32,2
8435699.0,228,8,114,12.25,0,37.0,22,14,4,0
8441880.0,57,1,42,8.0,0,11.0,3,2,2,0
8442293.0,54,1,36,10.125,0,13.0,6,2,1,0
8442377.0,148,5,114,8.57,1,52.0,18,4,6,0
8442384.0,147,2,108,8.791666666666666,0,32.0,17,3,1,0
8442783.0,224,7,174,8.234,0,59.0,15,8,7,0
8444855.0,106,1,66,10.0625,0,17.0,12,3,1,1
8445191.0,55,0,24,13.75,0,5.0,4,2,4,1
8445478.0,84,2,54,8.833333333333334,0,14.0,6,4,0,0
8446374.0,37,1,18,12.33,0,5.0,4,2,2,0
8446388.0,215,6,138,9.535714285714286,0,56.0,22,7,15,2
8447396.0,445,30,366,7.3629411764705885,0,136.0,30,18,2,0
8453773.0,24,1,18,8.0,0,9.0,3,1,1,0
8463783.0,216,12,174,7.422857142857143,1,72.0,16,10,1,0
8463895.0,37,1,18,12.33,0,6.0,3,3,1,0
8464343.0,221,13,198,7.006363636363636,2,115.0,22,8,20,1
8464350.0,47,1,36,8.443333333333333,0,10.0,3,2,1,0
8464392.0,106,3,66,11.734,0,21.0,9,4,3,2
8464903.0,9,2,12,4.5,0,4.0,0,0,0,0
8464917.0,26,1,12,13.0,0,6.0,5,0,1,0
8465057.0,534,21,423,7.8625,4,200.0,80,4,20,3
8471966.0,55,0,30,10.5,0,10.0,6,3,2,0
8473429.0,27,1,23,7.966666666666666,0,9.0,2,1,0,0
8473590.0,83,1,42,11.79,0,9.0,8,4,1,1
8475144.0,13,0,6,13.0,0,1.0,1,1,0,0
8476761.0,155,1,134,7.121428571428572,0,67.0,16,6,5,0
8482788.0,232,10,183,7.7379999999999995,0,80.0,24,8,2,0
8484468.0,15,1,12,7.5,0,5.0,2,0,0,0
8487380.0,38,4,36,7.416666666666667,0,18.0,6,0,0,0
8489816.0,286,15,229,7.540909090909091,3,96.0,29,7,6,0
8497866.0,157,3,91,11.2575,0,27.0,13,8,4,0
8505160.0,35,0,18,12.25,0,3.0,3,2,0,0
8512230.0,18,0,6,18.0,0,1.0,1,2,0,0
8512951.0,47,1,48,5.875,0,24.0,2,3,0,0
8513091.0,10,0,6,10.0,0,1.0,0,1,0,0
8514463.0,104,1,60,11.2925,0,16.0,9,5,2,0
8518446.0,15,1,24,3.75,0,13.0,1,0,0,0
8520105.0,22,0,12,11.0,0,5.0,1,2,1,0
8520931.0,72,2,60,7.4375,0,20.0,3,2,2,0
8521526.0,72,4,54,10.25,0,20.0,8,0,5,0
8522310.0,13,0,6,13.0,0,2.0,1,1,1,0
8522422.0,59,1,42,10.75,0,10.0,4,2,0,0
8527994.0,188,7,156,7.59375,0,63.0,12,9,3,0
8539817.0,367,18,253,8.905,0,84.0,30,9,12,1
8539831.0,61,0,42,8.835,0,11.0,4,2,1,0
8561384.0,23,0,12,11.5,0,2.0,2,1,1,0
8609684.0,118,5,78,9.48,0,32.0,12,4,6,1
8621143.0,127,1,84,9.379999999999999,0,21.0,11,5,0,0
8627527.0,16,0,18,5.33,0,6.0,1,0,0,0
8635941.0,53,1,30,11.25,0,10.0,6,3,0,0
8638790.0,262,6,171,9.3775,0,53.0,21,12,3,1
8688868.0,224,9,234,5.681818181818182,0,97.0,15,6,0,0
8688973.0,207,9,192,6.46875,1,84.0,18,5,5,0
8713270.0,63,1,27,14.075,0,9.0,7,3,7,0
8725107.0,180,14,166,6.924444444444444,1,81.0,17,6,1,0
8725128.0,10,0,6,10.0,0,2.0,0,1,0,0
8725170.0,32,1,24,8.0,0,7.0,2,1,3,0
8725198.0,93,3,54,11.3,0,14.0,9,4,1,0
8725212.0,89,5,66,8.5,0,29.0,8,5,0,0
8725254.0,56,2,36,9.375,0,8.0,7,1,0,1
8725457.0,19,0,6,19.0,0,0.0,4,0,0,0
8725485.0,103,4,84,9.2,0,38.0,9,5,1,0
8725562.0,335,10,248,8.34923076923077,0,79.0,25,14,2,1
8725576.0,97,1,60,9.5,0,20.0,13,3,2,0
8725639.0,27,1,30,5.625,0,11.0,2,0,1,0
8725646.0,33,1,30,6.665,0,16.0,3,1,3,0
8725681.0,21,0,6,21.0,0,0.0,0,3,0,0
8725709.0,899,32,574,10.241724137931033,2,240.0,108,33,28,3
8738631.0,3,0,6,3.0,0,4.0,0,0,1,0
8746961.0,384,8,246,9.34,0,83.0,31,18,15,2
8749180.0,37,0,18,11.0,0,3.0,4,1,4,0
8766232.0,13,0,12,6.5,0,4.0,1,0,0,0
8766316.0,18,0,12,9.0,0,3.0,3,0,0,0
8766372.0,44,1,48,5.5,0,17.0,4,0,0,0
8766407.0,31,1,12,15.5,0,2.0,1,3,1,0
8766435.0,102,11,119,6.655,0,58.0,6,3,1,0
8766575.0,18,1,18,6.0,0,9.0,2,0,1,0
8766603.0,37,0,18,14.0,0,5.0,1,3,2,1
8767667.0,62,2,36,11.125,0,11.0,11,0,1,1
8773085.0,17,1,12,8.5,0,6.0,3,0,1,0
8776767.0,74,5,72,6.1675,0,31.0,6,1,3,0
8779896.0,75,0,54,8.834,0,22.0,9,2,3,0
8798544.0,18,1,18,6.0,0,9.0,1,1,0,0
8819985.0,129,1,84,10.35,0,31.0,7,9,4,0
8820538.0,103,4,60,9.5,0,19.0,11,5,1,0
8833075.0,179,16,176,6.2625,0,86.0,11,5,3,4
8833166.0,165,7,114,8.571428571428571,0,39.0,15,6,4,0
8845850.0,993,36,770,7.978108108108108,0,217.0,67,36,4,0
8846074.0,90,1,48,11.25,0,15.0,12,2,3,0
8846081.0,13,0,6,13.0,0,2.0,3,0,0,0
8846102.0,50,0,18,16.67,0,5.0,6,2,3,1
8851030.0,66,3,30,13.125,0,10.0,4,6,4,0
8853438.0,177,5,113,9.467142857142857,0,36.0,19,5,4,1
8855594.0,132,3,84,9.684000000000001,0,27.0,14,5,1,0
8855601.0,46,0,30,9.333333333333334,0,10.0,8,0,0,0
8903831.0,34,0,24,8.5,0,13.0,2,3,0,0
8907338.0,1135,48,795,8.662307692307692,1,298.0,123,27,43,12
8913862.0,5,0,6,5.0,0,4.0,1,0,0,0
8913876.0,31,1,18,12.25,0,7.0,4,1,1,0
8913897.0,31,2,36,5.125,0,18.0,2,0,1,0
8931572.0,64,0,30,12.0,0,13.0,10,2,5,0
8931614.0,34,0,18,12.75,0,8.0,6,1,1,0
8934764.0,2,1,6,2.0,0,4.0,0,0,0,0
8936458.0,10,0,12,5.0,0,8.0,2,0,0,0
8937046.0,4,0,2,12.0,0,1.0,1,0,0,0
8938873.0,46,1,36,8.25,0,16.0,2,4,0,0
8938894.0,76,0,42,10.71,0,12.0,8,3,0,4
8947434.0,11,0,6,11.0,0,2.0,2,0,0,0
8947455.0,4,0,6,4.0,0,3.0,0,0,0,0
8947777.0,91,6,72,7.7,0,21.0,5,4,0,0
8947966.0,33,0,24,8.25,0,9.0,2,2,1,0
8956359.0,14,0,12,7.0,0,5.0,0,1,1,0
8964619.0,15,0,12,7.5,0,5.0,2,0,1,0
8964710.0,31,0,24,7.75,0,11.0,3,1,1,0
8964892.0,25,2,24,6.25,0,16.0,3,1,1,0
8981790.0,8,0,6,8.0,0,1.0,1,0,0,0
8981811.0,14,2,24,3.5,1,17.0,1,0,2,0
8982252.0,33,2,18,11.0,0,4.0,2,2,1,0
8986193.0,335,21,259,7.52,2,118.0,35,10,22,3
8991730.0,23,0,12,11.5,0,4.0,3,1,0,0
8991737.0,26,0,18,8.666666666666666,0,2.0,2,0,1,0
8991751.0,32,0,24,8.0,0,9.0,5,0,1,0
9005212.0,25,0,18,8.33,0,6.0,2,1,0,0
9009083.0,5,0,6,5.0,0,1.0,0,0,0,0
9009097.0,37,1,42,5.5,0,17.0,1,1,1,0
9009153.0,13,0,6,13.0,0,2.0,3,0,0,0
9009195.0,68,4,42,10.04,0,18.0,6,3,8,0
9009244.0,42,0,18,14.0,0,7.0,4,3,1,2
9009251.0,25,1,18,8.33,0,9.0,0,3,0,0
9009279.0,6,0,6,6.0,0,3.0,1,0,0,0
9009300.0,100,3,85,6.596000000000001,0,19.0,9,0,1,0
9009321.0,144,2,112,7.918571428571428,0,43.0,16,4,2,0
9009405.0,12,0,12,6.0,0,6.0,0,1,1,0
9009447.0,18,0,6,18.0,0,0.0,2,1,0,0
9009461.0,8,0,12,4.0,0,7.0,1,0,0,0
9009475.0,79,1,48,10.5,0,19.0,11,3,0,0
9009489.0,4,0,6,4.0,0,2.0,0,0,0,0
9009496.0,24,1,24,6.0,0,14.0,3,1,0,0
9009524.0,42,2,24,10.5,0,5.0,1,4,0,0
9009559.0,32,0,25,9.84,0,9.0,2,1,1,0
9042116.0,37,0,24,9.25,0,8.0,4,1,1,0
9047555.0,2,0,6,2.0,0,4.0,0,0,0,0
9047702.0,87,3,48,10.875,0,13.0,6,6,0,0
9047954.0,68,3,54,7.666666666666667,0,19.0,9,0,3,0
9048360.0,12,2,18,4.0,0,11.0,1,0,2,0
9049025.0,43,0,42,6.665,0,16.0,3,1,0,0
9049270.0,59,2,32,11.05,0,12.0,8,2,2,0
9058223.0,5,0,6,5.0,0,1.0,0,0,0,0
9058230.0,67,2,48,8.375,0,16.0,4,2,2,0
9059035.0,35,0,24,8.75,0,9.0,0,3,3,0
9061135.0,109,2,72,10.815999999999999,1,33.0,3,11,1,1
9070907.0,9,0,6,9.0,0,1.0,1,0,1,0
9071866.0,26,0,12,13.0,0,4.0,4,1,1,0
9104003.0,27,1,30,5.085,0,16.0,1,0,3,1
9104045.0,50,2,24,11.335,0,4.0,8,1,0,0
9104101.0,41,3,42,6.75,0,24.0,4,1,2,1
9105053.0,46,1,42,6.375,0,14.0,3,1,1,0
9113208.0,17,1,18,5.67,0,9.0,2,0,0,0
9113250.0,32,1,24,8.0,0,9.0,5,0,0,0
9141054.0,9,0,6,9.0,0,3.0,0,1,0,0
9188528.0,222,5,138,9.91625,0,58.0,22,12,6,3
9198384.0,30,0,12,15.0,0,3.0,2,2,4,0
9198412.0,16,0,6,16.0,0,0.0,3,0,0,0
9253943.0,10,0,6,10.0,0,4.0,1,1,0,0
9253950.0,108,4,84,8.5,0,21.0,6,3,0,0
9265374.0,34,2,24,8.5,0,11.0,4,1,1,0
9266095.0,58,1,42,7.833333333333333,0,21.0,5,3,5,0
9266102.0,115,5,102,8.166666666666666,0,50.0,11,4,2,0
9266193.0,44,3,32,9.75,0,8.0,2,2,2,0
9271177.0,10,0,12,5.0,0,6.0,1,0,1,0
9299079.0,18,1,12,9.0,0,6.0,0,2,0,0
9301165.0,51,1,30,10.5,0,10.0,7,0,5,0
9307892.0,108,7,96,7.5,1,46.0,12,3,1,0
9309600.0,14,1,12,7.0,0,8.0,3,0,1,0
9311154.0,135,6,90,9.355,0,34.0,18,3,7,0
9324580.0,21,2,18,7.0,0,9.0,3,0,0,0
9329494.0,45,4,48,7.8066666666666675,0,31.0,8,0,1,1
9343648.0,18,0,12,9.0,0,4.0,3,0,0,0
9344117.0,45,3,36,8.0,0,10.0,3,1,1,0
9346035.0,29,0,24,8.5,0,14.0,3,0,3,4
9346854.0,114,3,94,7.15,0,35.0,7,4,5,0
9361484.0,38,2,24,9.5,0,8.0,3,2,0,0
9362702.0,12,2,24,3.0,0,12.0,0,0,0,0
9373111.0,44,0,36,7.333333333333333,0,9.0,3,1,0,0
9373153.0,100,2,80,7.6875,0,28.0,12,1,0,1
9373202.0,52,6,66,4.666666666666667,1,44.0,6,2,0,0
9373209.0,10,0,12,5.0,0,5.0,1,0,0,0
9373335.0,48,4,48,6.0,0,19.0,3,1,1,0
9373741.0,40,0,18,13.33,0,5.0,1,4,2,0
9373930.0,118,3,66,10.86,0,21.0,9,9,1,0
9377969.0,38,0,24,9.5,0,11.0,4,2,0,0
9382967.0,20,4,12,10.0,0,6.0,4,0,2,0
9383002.0,12,0,6,12.0,0,1.0,2,0,1,0
9395175.0,13,0,6,13.0,0,2.0,1,1,0,0
9398906.0,14,1,6,14.0,0,3.0,0,2,0,0
9410757.0,13,0,6,13.0,0,0.0,2,0,1,0
9410876.0,95,4,60,9.556666666666667,0,26.0,14,3,1,0
9413816.0,34,0,36,5.875,0,15.0,2,0,2,0
9436160.0,36,1,24,9.0,0,11.0,2,3,1,0
9455340.0,28,0,18,9.33,0,4.0,3,1,0,0
9455557.0,308,10,228,8.125,0,85.0,21,17,4,1
9471111.0,11,0,6,11.0,0,3.0,1,1,0,0
9471244.0,215,11,191,6.76875,0,83.0,16,4,6,3
9475766.0,29,0,12,14.5,0,3.0,0,3,2,0
9643416.0,48,2,24,14.665,0,5.0,5,2,1,0
9771173.0,14,0,24,3.5,1,16.0,1,0,0,0
9785929.0,17,0,6,17.0,0,1.0,2,1,0,1
9785936.0,23,1,24,5.75,0,6.0,1,0,0,0
9785943.0,26,2,24,6.5,0,10.0,1,1,1,0
9785950.0,33,1,18,11.0,0,4.0,4,0,2,1
9804927.0,7,0,6,7.0,0,3.0,1,0,1,0
9806957.0,15,0,18,5.0,1,13.0,3,0,1,0
9822133.0,38,3,36,6.375,0,10.0,2,0,0,0
9822196.0,15,0,6,15.0,0,1.0,1,1,1,0
9822231.0,38,0,12,19.0,0,2.0,3,3,0,1
9822322.0,54,1,48,6.916666666666667,0,14.0,3,1,1,1
9822392.0,7,3,18,2.33,0,14.0,1,0,0,0
9822413.0,28,0,24,7.0,0,10.0,3,1,0,0
9822420.0,11,0,6,11.0,0,3.0,1,1,0,0
9822441.0,74,2,47,9.34,0,21.0,6,5,1,1
9888584.0,23,1,12,11.5,0,2.0,2,1,0,0
